,"Fossil fuel and cement production emissions by country (territorial, using the region names from the sheet ""consumption emissions"")",,,,,,,,,,,,,,,,,,,,,,,,,,,,,,,,,,,,,,,,,,,,,,,,,,,,,,,,,,,,,,,,,,,,,,,,,,,,,,,,,,,,,,,,,,,,,,,,,,,,,,,,,,,,,,,,,,,,,,,,,,,,,,,,,,,,,,,,,,,,,,,,,,,,,,,,,,,,,,,,,,,,,,,,,,,,,,,,,,,,,,,,,,,,,,,,,,,,,,,,,,,,,,,,,,,,,,,,,,,,,,,,,,,,,,,,,,,,,,,,,,,,,,,,,,,,,,,,,,,,,,
,"All values in million tonnes of carbon per year. For values in million tonnes of CO2 per year, multiply the values below by 3.664",,,,,,,,,,,,,,,,,,,,,,,,,,,,,,,,,,,,,,,,,,,,,,,,,,,,,,,,,,,,,,,,,,,,,,,,,,,,,,,,,,,,,,,,,,,,,,,,,,,,,,,,,,,,,,,,,,,,,,,,,,,,,,,,,,,,,,,,,,,,,,,,,,,,,,,,,,,,,,,,,,,,,,,,,,,,,,,,,,,,,,,,,,,,,,,,,,,,,,,,,,,,,,,,,,,,,,,,,,,,,,,,,,,,,,,,,,,,,,,,,,,,,,,,,,,,,,,,,,,,,,
,1MtC = 1 million tonne of carbon = 3.664 million tonnes of CO2,,,,,,,,,,,,,,,,,,,,,,,,,,,,,,,,,,,,,,,,,,,,,,,,,,,,,,,,,,,,,,,,,,,,,,,,,,,,,,,,,,,,,,,,,,,,,,,,,,,,,,,,,,,,,,,,,,,,,,,,,,,,,,,,,,,,,,,,,,,,,,,,,,,,,,,,,,,,,,,,,,,,,,,,,,,,,,,,,,,,,,,,,,,,,,,,,,,,,,,,,,,,,,,,,,,,,,,,,,,,,,,,,,,,,,,,,,,,,,,,,,,,,,,,,,,,,,,,,,,,,,
,"Cite as: Boden, T. A., Marland, G., and Andres, R. J. 2013. Global, Regional, and National Fossil-Fuel CO2 Emissions, Carbon Dioxide Information Analysis Center, Oak Ridge National Laboratory, U.S. Department of Energy, Oak Ridge, Tenn., USA
doi 10.3334/CDIAC/00001_V2013",,,,,,,,,,,,,,,,,,,,,,,,,,,,,,,,,,,,,,,,,,,,,,,,,,,,,,,,,,,,,,,,,,,,,,,,,,,,,,,,,,,,,,,,,,,,,,,,,,,,,,,,,,,,,,,,,,,,,,,,,,,,,,,,,,,,,,,,,,,,,,,,,,,,,,,,,,,,,,,,,,,,,,,,,,,,,,,,,,,,,,,,,,,,,,,,,,,,,,,,,,,,,,,,,,,,,,,,,,,,,,,,,,,,,,,,,,,,,,,,,,,,,,,,,,,,,,,,,,,,,,
,Methods:,,,,,,,,,,,,,,,,,,,,,,,,,,,,,,,,,,,,,,,,,,,,,,,,,,,,,,,,,,,,,,,,,,,,,,,,,,,,,,,,,,,,,,,,,,,,,,,,,,,,,,,,,,,,,,,,,,,,,,,,,,,,,,,,,,,,,,,,,,,,,,,,,,,,,,,,,,,,,,,,,,,,,,,,,,,,,,,,,,,,,,,,,,,,,,,,,,,,,,,,,,,,,,,,,,,,,,,,,,,,,,,,,,,,,,,,,,,,,,,,,,,,,,,,,,,,,,,,,,,,,,
,Historical emissions to 2010 (inclusive) based on UN reporting and U.S. Geological Service (http://cdiac.ornl.gov/trends/emis/meth_reg.html),,,,,,,,,,,,,,,,,,,,,,,,,,,,,,,,,,,,,,,,,,,,,,,,,,,,,,,,,,,,,,,,,,,,,,,,,,,,,,,,,,,,,,,,,,,,,,,,,,,,,,,,,,,,,,,,,,,,,,,,,,,,,,,,,,,,,,,,,,,,,,,,,,,,,,,,,,,,,,,,,,,,,,,,,,,,,,,,,,,,,,,,,,,,,,,,,,,,,,,,,,,,,,,,,,,,,,,,,,,,,,,,,,,,,,,,,,,,,,,,,,,,,,,,,,,,,,,,,,,,,,
,2011 and 2012 emissions are preliminary and based on BP statistics (highlighted in gray below) and U.S. Geological Survey cement data.,,,,,,,,,,,,,,,,,,,,,,,,,,,,,,,,,,,,,,,,,,,,,,,,,,,,,,,,,,,,,,,,,,,,,,,,,,,,,,,,,,,,,,,,,,,,,,,,,,,,,,,,,,,,,,,,,,,,,,,,,,,,,,,,,,,,,,,,,,,,,,,,,,,,,,,,,,,,,,,,,,,,,,,,,,,,,,,,,,,,,,,,,,,,,,,,,,,,,,,,,,,,,,,,,,,,,,,,,,,,,,,,,,,,,,,,,,,,,,,,,,,,,,,,,,,,,,,,,,,,,,
,(1) It includes emissions from cement production and excludes emissions from bunker fuels,,,,,,,,,,,,,,,,,,,,,,,,,,,,,,,,,,,,,,,,,,,,,,,,,,,,,,,,,,,,,,,,,,,,,,,,,,,,,,,,,,,,,,,,,,,,,,,,,,,,,,,,,,,,,,,,,,,,,,,,,,,,,,,,,,,,,,,,,,,,,,,,,,,,,,,,,,,,,,,,,,,,,,,,,,,,,,,,,,,,,,,,,,,,,,,,,,,,,,,,,,,,,,,,,,,,,,,,,,,,,,,,,,,,,,,,,,,,,,,,,,,,,,,,,,,,,,,,,,,,,,
,(2) Bunker fuels: Emissions from fuels used for international aviation and maritime transport,,,,,,,,,,,,,,,,,,,,,,,,,,,,,,,,,,,,,,,,,,,,,,,,,,,,,,,,,,,,,,,,,,,,,,,,,,,,,,,,,,,,,,,,,,,,,,,,,,,,,,,,,,,,,,,,,,,,,,,,,,,,,,,,,,,,,,,,,,,,,,,,,,,,,,,,,,,,,,,,,,,,,,,,,,,,,,,,,,,,,,,,,,,,,,,,,,,,,,,,,,,,,,,,,,,,,,,,,,,,,,,,,,,,,,,,,,,,,,,,,,,,,,,,,,,,,,,,,,,,,,
,"(3) The disaggregations of regions (e.g. the former Soviet Union prior to 1992) are based on the shares of emissions in the first year after the countries are disaggregated (e.g., 1992 for the Former Soviet).",,,,,,,,,,,,,,,,,,,,,,,,,,,,,,,,,,,,,,,,,,,,,,,,,,,,,,,,,,,,,,,,,,,,,,,,,,,,,,,,,,,,,,,,,,,,,,,,,,,,,,,,,,,,,,,,,,,,,,,,,,,,,,,,,,,,,,,,,,,,,,,,,,,,,,,,,,,,,,,,,,,,,,,,,,,,,,,,,,,,,,,,,,,,,,,,,,,,,,,,,,,,,,,,,,,,,,,,,,,,,,,,,,,,,,,,,,,,,,,,,,,,,,,,,,,,,,,,,,,,,,
,(4) The statistical difference presented on column HX is the difference between the world emissions and the sum of the emissions for each countries and for the bunker fuels.,,,,,,,,,,,,,,,,,,,,,,,,,,,,,,,,,,,,,,,,,,,,,,,,,,,,,,,,,,,,,,,,,,,,,,,,,,,,,,,,,,,,,,,,,,,,,,,,,,,,,,,,,,,,,,,,,,,,,,,,,,,,,,,,,,,,,,,,,,,,,,,,,,,,,,,,,,,,,,,,,,,,,,,,,,,,,,,,,,,,,,,,,,,,,,,,,,,,,,,,,,,,,,,,,,,,,,,,,,,,,,,,,,,,,,,,,,,,,,,,,,,,,,,,,,,,,,,,,,,,,,
,,,,,,,,,,,,,,,,,,,,,,,,,,,,,,,,,,,,,,,,,,,,,,,,,,,,,,,,,,,,,,,,,,,,,,,,,,,,,,,,,,,,,,,,,,,,,,,,,,,,,,,,,,,,,,,,,,,,,,,,,,,,,,,,,,,,,,,,,,,,,,,,,,,,,,,,,,,,,,,,,,,,,,,,,,,,,,,,,,,,,,,,,,,,,,,,,,,,,,,,,,,,,,,,,,,,,,,,,,,,,,,,,,,,,,,,,,,,,,,,,,,,,,,,,,,,,,,,,,,,,,,
MtC/yr,,,,,,,,,,,,,,,,,,,,,,,,,,,,,,,,,,,,,,,,,,,,,,,,,,,,,,,,,,,,,,,,,,,,,,,,,,,,,,,,,,,,,,,,,,,,,,,,,,,,,,,,,,,,,,,,,,,,,,,,,,,,,,,,,,,,,,,,,,,,,,,,,,,,,,,,,,,,,,,,,,,,,,,,,,,,,,,,,,,,,,,,,,,,,,,,,,,,,,,,,,,,,,,,,,,,,,,,,,,,,,,,,,,,,,,,,,,,,,,,,,,,,,,,,,,,,,,,,,,,,,,
,AFGHANISTAN,ALBANIA,ALGERIA,ANDORRA,ANGOLA,ANGUILLA,ANTIGUA & BARBUDA,ARGENTINA,ARMENIA,ARUBA,AUSTRALIA,AUSTRIA,AZERBAIJAN,BAHAMAS,BAHRAIN,BANGLADESH,BARBADOS,BELARUS,BELGIUM,BELIZE,BENIN,BERMUDA,BHUTAN,BOSNIA & HERZEGOVINA,BOTSWANA,BRAZIL,BRITISH VIRGIN ISLANDS,BRUNEI (DARUSSALAM),BULGARIA,BURKINA FASO,BURUNDI,CAMBODIA,CANADA,CAPE VERDE,CAYMAN ISLANDS,CENTRAL AFRICAN REPUBLIC,CHAD,CHILE,CHINA (MAINLAND),COLOMBIA,COMOROS,CONGO,COOK ISLANDS,COSTA RICA,COTE D IVOIRE,CROATIA,CUBA,CYPRUS,CZECH REPUBLIC,DEMOCRATIC PEOPLE S REPUBLIC OF KOREA,DEMOCRATIC REPUBLIC OF THE CONGO (FORMERLY ZAIRE),DENMARK,DJIBOUTI,DOMINICA,DOMINICAN REPUBLIC,ECUADOR,EGYPT,EL SALVADOR,EQUATORIAL GUINEA,ERITREA,ESTONIA,ETHIOPIA,FAEROE ISLANDS,FALKLAND ISLANDS (MALVINAS),FEDERATED STATES OF MICRONESIA,FIJI,FINLAND,FRANCE (INCLUDING MONACO),FRENCH GUIANA,FRENCH POLYNESIA,GABON,GAMBIA,GEORGIA,GERMANY,GHANA,GIBRALTAR,GREECE,GREENLAND,GRENADA,GUADELOUPE,GUATEMALA,GUINEA,GUINEA BISSAU,GUYANA,HAITI,HONDURAS,HONG KONG SPECIAL ADMINSTRATIVE REGION OF CHINA,HUNGARY,ICELAND,INDIA,INDONESIA,IRAQ,IRELAND,ISLAMIC REPUBLIC OF IRAN,ISRAEL,ITALY (INCLUDING SAN MARINO),JAMAICA,JAPAN,JORDAN,KAZAKHSTAN,KENYA,KIRIBATI,KUWAIT,KYRGYZSTAN,LAO PEOPLE S DEMOCRATIC REPUBLIC,LATVIA,LEBANON,LESOTHO,LIBERIA,LIBYAN ARAB JAMAHIRIYAH,LITHUANIA,LUXEMBOURG,MACAU SPECIAL ADMINSTRATIVE REGION OF CHINA,MACEDONIA,MADAGASCAR,MALAWI,MALAYSIA,MALDIVES,MALI,MALTA,MARSHALL ISLANDS,MARTINIQUE,MAURITANIA,MAURITIUS,MEXICO,MONGOLIA,MONTENEGRO,MONTSERRAT,MOROCCO,MOZAMBIQUE,MYANMAR (FORMERLY BURMA),NAMIBIA,NAURU,NEPAL,NETHERLAND ANTILLES,NETHERLANDS,NEW CALEDONIA,NEW ZEALAND,NICARAGUA,NIGER,NIGERIA,NIUE,NORWAY,OCCUPIED PALESTINIAN TERRITORY,OMAN,PAKISTAN,PALAU,PANAMA,PAPUA NEW GUINEA,PARAGUAY,PERU,PHILIPPINES,PLURINATIONAL STATE OF BOLIVIA,POLAND,PORTUGAL,QATAR,REPUBLIC OF CAMEROON,REPUBLIC OF KOREA,REPUBLIC OF MOLDOVA,REUNION,ROMANIA,RUSSIAN FEDERATION,RWANDA,SAINT HELENA,SAINT LUCIA,SAMOA,SAO TOME & PRINCIPE,SAUDI ARABIA,SENEGAL,SERBIA,SEYCHELLES,SIERRA LEONE,SINGAPORE,SLOVAKIA,SLOVENIA,SOLOMON ISLANDS,SOMALIA,SOUTH AFRICA,SPAIN,SRI LANKA,ST. KITTS-NEVIS,ST. PIERRE & MIQUELON,ST. VINCENT & THE GRENADINES,SUDAN,SURINAME,SWAZILAND,SWEDEN,SWITZERLAND,SYRIAN ARAB REPUBLIC,TAIWAN,TAJIKISTAN,THAILAND,TIMOR-LESTE (FORMERLY EAST TIMOR),TOGO,TONGA,TRINIDAD AND TOBAGO,TUNISIA,TURKEY,TURKMENISTAN,TURKS AND CAICOS ISLANDS,UGANDA,UKRAINE,UNITED ARAB EMIRATES,UNITED KINGDOM,UNITED REPUBLIC OF TANZANIA,UNITED STATES OF AMERICA,URUGUAY,UZBEKISTAN,VANUATU,VENEZUELA,VIET NAM,WALLIS AND FUTUNA ISLANDS,WESTERN SAHARA,YEMEN,ZAMBIA,ZIMBABWE,KP Annex B,Non KP Annex B,OECD,Non-OECD,EU28,Africa,Asia,Central America,Europe,Middle East,North America,Oceania,South America,Bunkers,Statistical Difference,World,,,,,,,,,,,,,,,,,,,,,,,,,,,,,,,
,Afghanistan,Albania,Algeria,Andorra,Angola,Anguilla,Antigua and Barbuda,Argentina,Armenia,Aruba,Australia,Austria,Azerbaijan,Bahamas,Bahrain,Bangladesh,Barbados,Belarus,Belgium,Belize,Benin,Bermuda,Bhutan,Bosnia and Herzegovina,Botswana,Brazil,British Virgin Islands,Brunei Darussalam,Bulgaria,Burkina Faso,Burundi,Cambodia,Canada,Cape Verde,Cayman Islands,Central African Republic,Chad,Chile,China,Colombia,Comoros,Congo,Cook Islands,Costa Rica,Côte d'Ivoire,Croatia,Cuba,Cyprus,Czech Republic,North Korea,Democratic Republic of the Congo,Denmark,Djibouti,Dominica,Dominican Republic,Ecuador,Egypt,El Salvador,Equatorial Guinea,Eritrea,Estonia,Ethiopia,Faeroe Islands,Falkland Islands (Malvinas),Micronesia (Federated States of),Fiji,Finland,France,French Guiana,French Polynesia,Gabon,Gambia,Georgia,Germany,Ghana,Gibraltar,Greece,Greenland,Grenada,Guadeloupe,Guatemala,Guinea,Guinea-Bissau,Guyana,Haiti,Honduras,Hong Kong,Hungary,Iceland,India,Indonesia,Iraq,Ireland,Iran,Israel,Italy,Jamaica,Japan,Jordan,Kazakhstan,Kenya,Kiribati,Kuwait,Kyrgyzstan,Laos,Latvia,Lebanon,Lesotho,Liberia,Libya,Lithuania,Luxembourg,Macao,Macedonia (Republic of),Madagascar,Malawi,Malaysia,Maldives,Mali,Malta,Marshall Islands,Martinique,Mauritania,Mauritius,Mexico,Mongolia,Montenegro,Montserrat,Morocco,Mozambique,Myanmar,Namibia,Nauru,Nepal,Netherlands Antilles,Netherlands,New Caledonia,New Zealand,Nicaragua,Niger,Nigeria,Niue,Norway,Occupied Palestinian Territory,Oman,Pakistan,Palau,Panama,Papua New Guinea,Paraguay,Peru,Philippines,Bolivia,Poland,Portugal,Qatar,Cameroon,South Korea,Moldova,Réunion,Romania,Russian Federation,Rwanda,Saint Helena,Saint Lucia,Samoa,Sao Tome and Principe,Saudi Arabia,Senegal,Serbia,Seychelles,Sierra Leone,Singapore,Slovakia,Slovenia,Solomon Islands,Somalia,South Africa,Spain,Sri Lanka,Saint Kitts and Nevis,Saint Pierre and Miquelon,Saint Vincent and the Grenadines,Sudan,Suriname,Swaziland,Sweden,Switzerland,Syria,Taiwan,Tajikistan,Thailand,Timor-Leste,Togo,Tonga,Trinidad and Tobago,Tunisia,Turkey,Turkmenistan,Turks and Caicos Islands,Uganda,Ukraine,United Arab Emirates,United Kingdom,Tanzania,United States of America,Uruguay,Uzbekistan,Vanuatu,Venezuela,Viet Nam,Wallis and Futuna Islands,Western Sahara,Yemen,Zambia,Zimbabwe,KP Annex B,Non KP Annex B,OECD,Non-OECD,EU28,Africa,Asia,Central America,Europe,Middle East,North America,Oceania,South America,Bunkers,Statistical Difference,World,,,,,,,,,,,,,,,,,,,,,,,,,,,,,,,
1959,0.11,0.39,1.55,NaN,0.17,NaN,0.01,13.36,0.45,NaN,22.85,7.62,6.35,0.07,0.36,0.50,0.04,9.63,24.11,0.01,0.03,0.04,NaN,0.40,NaN,10.65,NaN,0.09,5.36,0.00,0.01,0.06,50.36,0.01,0.00,0.03,0.02,3.47,196.82,4.39,0.00,0.05,NaN,0.11,0.15,1.64,4.28,0.23,25.29,5.42,0.74,7.11,0.01,0.00,0.30,0.35,3.47,0.17,0.01,NaN,2.53,0.09,0.03,0.03,NaN,0.05,3.70,71.49,0.01,0.01,0.01,0.01,1.69,206.29,0.36,0.01,2.22,0.06,0.00,0.04,0.34,0.04,0.00,0.15,0.07,0.16,0.74,11.44,0.34,29.95,6.51,2.00,3.36,6.98,1.53,25.69,0.50,52.59,0.18,28.76,0.60,NaN,1.04,1.20,0.02,1.49,0.66,NaN,0.04,0.12,2.44,2.84,0.01,1.05,0.10,0.13,0.87,NaN,0.01,0.11,NaN,0.05,0.01,0.06,15.91,0.37,0.19,NaN,0.92,0.49,0.76,NaN,NaN,0.02,NaN,18.32,0.16,2.82,0.13,0.01,0.97,NaN,3.22,NaN,NaN,2.71,NaN,0.27,0.04,0.08,1.97,1.97,0.26,51.77,2.18,0.05,0.08,3.06,2.31,0.02,13.83,235.52,0.02,NaN,0.00,0.00,0.00,0.51,0.11,4.24,NaN,0.06,0.49,8.18,1.22,0.00,0.02,25.79,14.22,0.56,NaN,0.01,0.00,0.37,0.10,0.00,11.57,4.53,0.61,3.00,0.79,0.91,NaN,0.02,0.00,0.84,0.43,4.69,3.09,NaN,0.11,70.63,0.00,149,0,771,1,13,NaN,18,2,NaN,NaN,1,1,2,1889,471,1586,773,675,40,364,11,1008,19,837,26,54,58,36,2454,,,,,,,,,,,,,,,,,,,,,,,,,,,,,,,
1960,0.11,0.55,1.68,NaN,0.15,NaN,0.01,13.31,0.46,NaN,24.05,8.41,6.61,0.11,0.16,0.60,0.05,10.03,24.82,0.01,0.04,0.04,NaN,0.44,NaN,12.79,NaN,0.09,6.08,0.01,0.01,0.06,52.60,0.01,0.00,0.02,0.02,3.68,212.91,4.48,0.00,0.06,NaN,0.13,0.13,1.79,3.74,0.24,26.97,6.50,0.63,8.12,0.01,0.00,0.28,0.48,4.38,0.17,0.01,NaN,2.64,0.10,0.02,0.05,NaN,0.05,4.12,73.96,0.01,0.01,0.04,0.01,1.76,222.17,0.40,0.01,2.57,0.06,0.01,0.04,0.37,0.11,0.01,0.18,0.08,0.17,0.81,12.37,0.33,32.88,5.84,2.25,3.05,10.20,1.76,29.82,0.40,63.48,0.20,29.95,0.66,NaN,2.13,1.24,0.02,1.55,0.70,NaN,0.05,0.19,2.54,3.14,0.01,1.15,0.11,0.12,1.15,NaN,0.03,0.09,NaN,0.05,0.01,0.05,17.21,0.35,0.21,NaN,0.99,0.51,0.74,NaN,NaN,0.02,NaN,20.05,0.24,3.15,0.15,0.01,0.93,NaN,3.57,NaN,NaN,3.26,NaN,0.27,0.05,0.08,2.23,2.27,0.27,54.48,2.24,0.05,0.07,3.42,2.40,0.02,14.58,245.22,0.02,NaN,0.00,0.00,0.00,0.73,0.23,4.63,NaN,0.20,0.38,8.73,1.33,0.00,0.02,26.71,13.34,0.62,NaN,0.01,0.00,0.37,0.12,0.01,13.42,5.32,0.88,3.24,0.83,1.01,NaN,0.02,0.00,0.70,0.47,4.59,3.22,NaN,0.12,73.54,0.00,159,0,788,1,13,NaN,16,2,NaN,NaN,1,1,2,1981,505,1667,819,722,43,399,10,1069,25,858,28,54,65,18,2569,,,,,,,,,,,,,,,,,,,,,,,,,,,,,,,
1961,0.13,0.62,1.65,NaN,0.12,NaN,0.01,13.96,0.48,NaN,24.70,8.69,6.82,0.15,0.48,0.63,0.05,10.34,25.31,0.01,0.04,0.05,NaN,0.46,NaN,13.42,NaN,0.08,7.08,0.03,0.01,0.08,52.95,0.01,0.00,0.02,0.01,3.95,150.55,4.97,0.00,0.07,NaN,0.13,0.15,1.88,3.32,0.24,29.27,7.22,0.64,8.65,0.01,0.00,0.28,0.45,4.66,0.16,0.01,NaN,2.72,0.09,0.03,0.04,NaN,0.05,4.07,76.69,0.01,0.02,0.05,0.01,1.81,227.87,0.37,0.01,2.68,0.08,0.01,0.05,0.38,0.17,0.01,0.20,0.08,0.20,0.92,13.36,0.30,35.56,7.10,2.38,3.37,9.97,1.93,33.97,0.58,77.21,0.27,30.88,0.66,0.00,2.72,1.28,0.03,1.60,0.72,NaN,0.04,0.33,2.62,3.16,0.02,1.20,0.10,0.10,1.28,NaN,0.03,0.08,NaN,0.05,0.01,0.05,17.81,0.38,0.22,NaN,1.03,0.72,0.71,NaN,NaN,0.02,NaN,20.70,0.24,3.21,0.15,0.02,1.12,NaN,3.64,NaN,NaN,3.37,NaN,0.30,0.06,0.10,2.36,2.38,0.28,56.57,2.48,0.04,0.08,3.94,2.48,0.02,15.21,252.88,0.02,NaN,0.01,0.01,0.00,0.97,0.22,4.85,NaN,0.08,0.57,9.47,1.40,0.00,0.02,27.87,14.64,0.64,NaN,0.01,0.00,0.38,0.12,0.00,13.32,5.56,0.84,3.42,0.85,1.13,NaN,0.03,0.00,1.26,0.48,4.74,3.32,NaN,0.11,75.84,0.00,161,0,786,1,13,NaN,14,2,NaN,NaN,1,1,1,2029,456,1704,781,748,44,359,10,1106,26,856,28,55,72,23,2580,,,,,,,,,,,,,,,,,,,,,,,,,,,,,,,
1962,0.19,0.67,1.55,NaN,0.32,NaN,0.03,14.64,0.50,NaN,25.88,9.25,7.15,0.20,0.43,0.69,0.07,10.85,26.76,0.02,0.04,0.04,NaN,0.47,NaN,14.64,0.00,0.10,8.38,0.02,0.01,0.08,56.50,0.01,0.00,0.02,0.02,4.56,120.09,5.30,0.00,0.07,NaN,0.15,0.16,1.92,3.86,0.25,31.21,8.38,0.59,10.07,0.01,0.00,0.34,0.43,5.07,0.18,0.01,NaN,2.85,0.11,0.03,0.01,NaN,0.06,4.58,81.46,0.01,0.01,0.02,0.01,1.90,241.06,0.39,0.02,2.77,0.07,0.01,0.05,0.38,0.18,0.01,0.19,0.08,0.19,1.01,13.79,0.33,39.12,6.27,2.46,3.58,10.22,2.17,39.94,0.58,79.96,0.29,32.41,0.72,0.00,3.90,1.35,0.04,1.68,0.77,NaN,0.07,0.29,2.75,3.15,0.03,1.24,0.11,0.10,1.30,NaN,0.04,0.09,NaN,0.05,0.02,0.07,17.40,0.54,0.22,0.00,0.84,0.54,0.79,NaN,NaN,0.02,NaN,22.73,0.15,3.06,0.18,0.02,1.14,NaN,3.84,NaN,NaN,3.71,NaN,0.33,0.05,0.11,2.72,2.82,0.30,59.13,2.54,0.05,0.08,4.71,2.60,0.03,17.42,265.41,0.02,NaN,0.01,0.01,0.00,1.71,0.22,4.98,NaN,0.09,0.70,10.10,1.43,0.00,0.03,28.84,16.38,0.70,NaN,0.01,0.00,0.41,0.14,NaN,14.00,6.59,0.87,3.87,0.90,1.37,NaN,0.02,0.00,1.97,0.49,5.90,3.48,NaN,0.12,79.60,0.01,162,0,815,1,14,0,15,3,NaN,NaN,1,1,1,2127,447,1784,789,791,45,341,12,1168,30,889,29,59,74,38,2686,,,,,,,,,,,,,,,,,,,,,,,,,,,,,,,
1963,0.19,0.57,1.48,NaN,0.31,NaN,0.02,13.66,0.54,NaN,27.55,10.09,7.67,0.19,0.33,0.79,0.05,11.64,28.85,0.02,0.03,0.04,NaN,0.53,NaN,15.17,0.00,0.10,9.38,0.02,0.01,0.11,57.57,0.00,0.00,0.02,0.03,4.73,119.09,5.80,0.00,0.06,NaN,0.16,0.17,2.14,3.56,0.27,32.82,8.96,0.63,11.10,0.02,0.00,0.34,0.49,5.88,0.31,0.01,NaN,3.06,0.12,0.03,0.01,NaN,0.07,5.28,91.09,0.01,0.02,0.02,0.01,2.04,258.08,0.47,0.02,3.34,0.09,0.00,0.06,0.42,0.19,0.01,0.17,0.07,0.19,1.16,15.35,0.36,42.02,6.21,2.56,3.67,11.27,2.24,44.94,0.65,88.69,0.33,34.76,0.78,0.01,4.64,1.44,0.04,1.80,0.82,NaN,0.10,0.40,2.95,3.12,0.03,1.38,0.13,0.09,1.59,NaN,0.05,0.11,NaN,0.06,0.02,0.06,18.10,0.44,0.25,0.00,1.08,0.45,0.72,NaN,NaN,0.03,NaN,24.88,0.17,3.34,0.23,0.02,1.46,NaN,4.09,NaN,NaN,4.26,NaN,0.32,0.07,0.11,2.79,3.13,0.33,63.05,2.73,1.67,0.08,5.76,2.79,0.03,18.96,284.64,0.02,NaN,0.01,0.01,0.00,1.89,0.24,5.54,0.00,0.10,0.93,10.62,1.59,0.00,0.03,29.95,16.04,0.69,NaN,0.01,0.00,0.46,0.15,NaN,15.10,7.94,0.99,4.13,0.96,1.52,NaN,0.03,0.00,0.36,0.53,6.18,3.73,NaN,0.12,85.36,0.01,165,0,851,1,15,0,15,2,NaN,NaN,1,1,1,2255,465,1887,833,845,48,360,11,1250,34,926,31,60,78,35,2833,,,,,,,,,,,,,,,,,,,,,,,,,,,,,,,
1964,0.23,0.55,1.54,NaN,0.33,NaN,0.03,15.20,0.57,NaN,29.72,10.62,8.16,0.30,0.44,0.81,0.05,12.38,28.27,0.02,0.04,0.06,NaN,0.60,NaN,15.47,0.00,0.09,11.69,0.03,0.01,0.09,64.85,0.01,0.00,0.02,0.03,4.78,119.15,5.92,0.00,0.07,NaN,0.18,0.21,2.43,3.90,0.27,34.15,9.72,0.54,11.78,0.02,0.00,0.48,0.59,6.96,0.34,0.01,NaN,3.26,0.11,0.03,0.00,NaN,0.12,6.23,94.17,0.01,0.02,0.05,0.01,2.17,264.48,0.45,0.02,3.61,0.09,0.01,0.06,0.48,0.19,0.02,0.18,0.08,0.20,1.15,17.02,0.36,41.08,6.11,2.48,3.88,12.97,2.50,47.98,1.11,97.99,0.34,36.97,0.77,0.01,6.91,1.54,0.05,1.92,0.89,NaN,0.13,0.18,3.13,3.36,0.04,1.56,0.13,0.09,2.02,NaN,0.05,0.14,NaN,0.06,0.03,0.08,20.26,0.56,0.28,0.00,1.21,0.58,0.78,NaN,0.01,0.04,NaN,26.42,0.30,3.57,0.26,0.03,1.98,NaN,4.42,NaN,0.00,4.38,NaN,0.34,0.07,0.12,3.35,3.50,0.40,66.30,3.01,1.71,0.09,6.06,2.97,0.03,19.67,302.71,0.01,NaN,0.01,0.01,0.00,1.92,0.25,6.28,0.00,0.08,1.01,11.05,1.80,0.01,0.04,32.63,17.57,0.62,NaN,0.01,0.01,0.51,0.17,0.00,16.48,7.68,1.19,4.62,1.02,2.04,NaN,0.04,0.00,1.04,0.75,7.18,3.97,NaN,0.13,90.78,0.01,166,0,888,1,16,0,15,3,NaN,NaN,1,1,1,2366,492,1975,883,877,53,376,12,1307,40,973,34,63,85,52,2995,,,,,,,,,,,,,,,,,,,,,,,,,,,,,,,
1965,0.28,0.59,1.80,NaN,0.32,NaN,0.04,16.05,0.61,NaN,32.99,10.41,8.66,0.36,0.34,0.85,0.06,13.13,28.75,0.02,0.04,0.05,NaN,0.62,NaN,15.38,0.00,0.09,12.63,0.03,0.01,0.11,68.76,0.01,0.00,0.02,0.03,4.85,129.80,6.24,0.00,0.07,NaN,0.23,0.32,2.50,3.98,0.31,33.28,12.07,0.67,12.09,0.03,0.00,0.42,0.62,7.54,0.28,0.01,NaN,3.45,0.18,0.04,0.00,NaN,0.09,6.91,95.95,0.01,0.02,0.06,0.01,2.30,262.07,0.47,0.01,4.64,0.09,0.01,0.06,0.54,0.19,0.02,0.29,0.08,0.21,1.31,16.72,0.38,45.26,6.73,5.27,3.75,14.66,3.53,51.75,0.82,105.51,0.39,39.22,0.67,0.00,9.66,1.63,0.05,2.03,0.90,NaN,0.15,0.28,3.32,3.33,0.04,1.60,0.15,0.10,2.29,NaN,0.05,0.13,NaN,0.07,0.04,0.08,20.52,0.53,0.29,0.00,1.16,0.55,0.74,NaN,0.01,0.05,NaN,27.41,0.34,3.74,0.21,0.03,3.21,NaN,4.48,NaN,0.01,4.60,NaN,0.42,0.08,0.15,3.26,3.81,0.41,67.42,3.16,1.72,0.09,6.82,3.15,0.04,21.47,321.12,0.01,NaN,0.01,0.01,0.00,1.15,0.46,6.46,0.00,0.08,0.69,10.77,1.86,0.01,0.04,34.98,19.39,0.73,NaN,0.01,0.00,0.66,0.22,0.02,17.08,8.28,1.00,4.87,1.08,2.03,NaN,0.04,0.00,1.42,0.67,7.47,4.21,NaN,0.17,96.30,0.01,170,0,925,2,17,0,17,4,NaN,NaN,1,1,1,2458,533,2042,950,892,58,408,12,1349,47,1014,37,66,88,50,3130,,,,,,,,,,,,,,,,,,,,,,,,,,,,,,,
1966,0.30,0.70,2.30,NaN,0.42,NaN,0.10,17.22,0.64,NaN,32.82,10.71,9.14,0.30,0.18,0.87,0.07,13.87,28.69,0.02,0.03,0.06,NaN,0.61,NaN,17.54,0.00,0.13,13.30,0.03,0.01,0.13,70.72,0.01,0.01,0.02,0.02,5.13,142.57,6.41,0.01,0.08,NaN,0.27,0.35,2.47,4.14,0.34,33.09,12.99,0.66,13.67,0.04,0.00,0.46,0.66,7.24,0.36,0.01,NaN,3.65,0.23,0.04,0.00,NaN,0.09,8.05,94.69,0.01,0.03,0.10,0.01,2.43,259.71,0.39,0.02,5.09,0.11,0.01,0.07,0.48,0.20,0.02,0.32,0.08,0.22,1.41,16.84,0.41,46.84,6.38,7.56,4.12,17.50,3.71,58.43,0.96,114.47,0.43,41.41,0.73,0.00,9.59,1.72,0.06,2.15,0.98,NaN,0.17,0.72,3.51,3.17,0.04,1.59,0.16,0.12,2.69,NaN,0.05,0.11,NaN,0.07,0.05,0.08,22.07,0.53,0.28,0.00,1.49,0.58,0.77,NaN,0.01,0.05,NaN,28.27,0.41,3.82,0.26,0.04,3.52,NaN,5.34,NaN,0.01,4.68,NaN,0.45,0.09,0.14,3.62,4.40,0.46,68.91,3.23,1.71,0.09,8.19,3.32,0.05,22.96,339.12,0.01,NaN,0.01,0.01,0.00,1.75,0.47,6.40,0.00,0.08,0.18,10.71,1.84,0.01,0.04,35.00,21.20,0.73,NaN,0.01,0.01,0.72,0.30,0.06,19.80,8.60,1.34,5.32,1.14,2.59,NaN,0.05,0.00,1.11,0.79,8.60,4.45,NaN,0.20,101.70,0.01,169,0,971,1,18,0,16,5,NaN,NaN,1,1,2,2555,572,2118,1010,907,60,441,12,1389,54,1064,37,69,95,65,3288,,,,,,,,,,,,,,,,,,,,,,,,,,,,,,,
1967,0.35,0.73,2.30,NaN,0.27,NaN,0.15,17.87,0.67,NaN,35.25,10.90,9.56,0.47,0.27,0.92,0.09,14.50,29.31,0.03,0.04,0.06,NaN,0.62,NaN,18.05,0.00,0.12,15.04,0.03,0.01,0.11,76.87,0.01,0.00,0.03,0.03,5.25,118.14,6.74,0.01,0.09,NaN,0.24,0.41,2.50,4.30,0.37,33.02,14.30,0.63,13.38,0.02,0.01,0.43,0.71,5.37,0.32,0.01,NaN,3.81,0.29,0.05,0.01,NaN,0.10,7.80,101.45,0.02,0.04,0.28,0.01,2.54,255.56,0.41,0.02,5.33,0.11,0.01,0.08,0.54,0.20,0.01,0.36,0.07,0.24,1.65,16.04,0.39,46.97,6.70,5.02,4.48,18.53,3.69,63.93,1.06,133.59,0.39,43.30,0.74,0.01,6.94,1.80,0.09,2.24,0.96,NaN,0.17,5.05,3.67,3.10,0.05,1.60,0.23,0.10,2.77,NaN,0.06,0.14,NaN,0.08,0.05,0.14,24.57,0.59,0.29,0.00,1.48,0.51,0.99,NaN,0.01,0.06,NaN,29.12,0.40,3.72,0.30,0.04,3.50,NaN,5.27,NaN,0.04,4.96,NaN,0.46,0.12,0.13,3.72,4.97,0.52,70.71,3.38,1.82,0.13,9.59,3.48,0.06,25.12,354.60,0.01,NaN,0.01,0.01,0.00,6.96,0.19,6.47,0.00,0.07,0.83,10.68,1.86,0.01,0.06,36.51,23.59,0.80,NaN,0.01,0.01,0.87,0.36,0.06,18.82,8.88,1.26,6.00,1.20,3.32,NaN,0.05,0.00,1.27,0.84,9.14,4.65,NaN,0.22,106.34,0.25,162,0,1008,1,19,0,18,6,NaN,NaN,1,1,1,2649,575,2192,1032,917,65,447,14,1420,56,1109,40,73,102,67,3393,,,,,,,,,,,,,,,,,,,,,,,,,,,,,,,
1968,0.33,0.84,2.47,NaN,0.46,NaN,0.27,18.84,0.69,NaN,36.71,11.55,9.83,0.45,0.30,1.06,0.12,14.91,32.33,0.03,0.04,0.06,NaN,0.66,NaN,21.11,0.00,0.12,16.23,0.03,0.02,0.13,82.78,0.01,0.01,0.05,0.03,5.79,127.88,7.26,0.01,0.12,NaN,0.28,0.48,2.67,4.37,0.44,34.54,16.18,0.92,14.54,0.03,0.01,0.64,0.85,6.25,0.34,0.01,NaN,3.92,0.47,0.05,NaN,NaN,0.11,9.09,104.89,0.02,0.04,0.54,0.01,2.61,268.80,0.48,0.02,6.09,0.15,0.01,0.08,0.58,0.20,0.02,0.36,0.07,0.33,1.69,16.68,0.44,51.09,7.52,5.38,4.86,22.47,3.77,68.04,1.06,153.41,0.41,44.52,0.77,0.01,6.12,1.85,0.05,2.31,0.99,NaN,0.24,8.22,3.77,3.35,0.05,1.72,0.25,0.11,2.88,NaN,0.05,0.17,NaN,0.08,0.06,0.17,25.63,0.68,0.31,0.00,1.54,0.76,0.80,NaN,0.01,0.07,NaN,30.97,0.50,3.68,0.34,0.04,1.81,NaN,5.77,NaN,0.04,5.69,NaN,0.55,0.14,0.16,3.96,6.07,0.59,75.29,3.55,1.93,0.14,10.16,3.57,0.06,27.32,364.57,0.02,0.00,0.01,0.01,0.00,7.94,0.00,6.92,0.00,0.11,1.48,11.18,1.99,0.01,0.04,37.66,26.50,0.88,NaN,0.01,0.01,0.85,0.40,0.08,21.19,9.83,1.63,6.59,1.23,4.66,NaN,0.05,0.00,1.10,0.98,9.90,4.78,NaN,0.27,109.33,0.34,166,0,1045,1,19,0,18,6,NaN,NaN,3,1,2,2778,621,2307,1092,968,70,491,14,1487,64,1153,41,79,108,59,3566,,,,,,,,,,,,,,,,,,,,,,,,,,,,,,,
1969,0.26,0.89,3.08,NaN,0.76,NaN,0.34,21.09,0.72,NaN,38.79,12.19,10.24,0.48,0.35,1.02,0.13,15.52,33.71,0.04,0.06,0.05,NaN,0.68,NaN,22.99,0.01,0.13,18.10,0.03,0.02,0.37,83.83,0.01,0.01,0.05,0.04,6.15,157.41,7.65,0.01,0.14,0.00,0.31,0.57,2.77,4.71,0.46,36.67,17.49,1.00,16.20,0.02,0.01,0.72,0.98,5.37,0.33,0.01,NaN,4.08,0.46,0.06,NaN,NaN,0.12,10.35,112.70,0.02,0.04,0.39,0.01,2.72,287.15,0.46,0.02,6.95,0.11,0.01,0.09,0.62,0.20,0.02,0.37,0.09,0.32,2.12,17.02,0.35,52.01,9.11,6.17,5.05,22.67,4.04,73.63,1.17,178.34,0.48,46.37,0.85,0.00,7.32,1.93,0.09,2.40,1.16,NaN,0.35,9.70,3.93,3.60,0.05,1.78,0.23,0.10,2.50,NaN,0.04,0.18,NaN,0.09,0.08,0.16,27.89,0.73,0.32,0.00,1.59,0.88,0.88,NaN,0.02,0.11,NaN,31.61,0.43,3.89,0.35,0.05,3.30,NaN,6.06,NaN,0.06,5.52,NaN,0.56,0.15,0.14,4.17,6.23,0.70,80.08,3.99,1.96,0.16,11.60,3.72,0.06,30.45,379.67,0.02,NaN,0.02,0.01,0.00,9.63,0.13,7.17,0.00,0.30,1.97,11.86,2.06,0.01,0.04,39.07,26.42,1.18,NaN,0.01,0.01,1.14,0.42,0.08,23.58,10.39,1.98,7.18,1.28,3.97,NaN,0.07,0.00,1.07,1.05,10.58,4.98,NaN,0.32,113.86,5.60,171,0,1098,2,20,0,19,7,NaN,NaN,1,1,2,2941,688,2450,1178,1029,76,556,16,1569,73,1209,43,85,113,39,3780,,,,,,,,,,,,,,,,,,,,,,,,,,,,,,,
1970,0.46,1.02,4.11,NaN,0.98,NaN,0.13,22.56,0.76,NaN,40.26,13.82,10.77,0.70,0.71,1.04,0.12,16.33,34.26,0.03,0.08,0.06,0.00,0.89,NaN,25.57,0.01,2.24,16.70,0.04,0.02,0.32,93.12,0.01,0.01,0.06,0.03,6.73,210.42,7.75,0.01,0.16,0.00,0.34,0.67,3.62,5.09,0.47,42.04,20.06,0.74,16.94,0.04,0.01,0.85,1.17,5.91,0.39,0.01,NaN,4.30,0.45,0.07,0.00,NaN,0.14,11.02,119.72,0.03,0.05,0.57,0.01,2.86,280.07,0.72,0.02,6.59,0.10,0.01,0.08,0.63,0.22,0.02,0.43,0.11,0.38,2.29,19.09,0.38,53.22,9.77,6.52,5.29,25.09,4.52,80.92,1.36,209.66,0.43,48.77,0.84,0.01,6.83,2.03,0.16,2.53,1.07,NaN,0.40,8.82,4.13,3.75,0.06,2.33,0.27,0.12,3.98,NaN,0.06,0.18,NaN,0.10,0.12,0.14,31.11,0.78,0.42,0.00,1.99,0.81,1.26,NaN,0.02,0.06,NaN,38.71,0.65,3.87,0.38,0.06,5.87,0.00,7.64,NaN,0.06,5.60,NaN,0.60,0.19,0.20,4.85,6.76,0.68,83.02,4.16,2.06,0.17,14.67,3.91,0.09,32.76,399.34,0.02,NaN,0.02,0.01,0.00,12.35,0.36,9.37,0.01,0.24,4.97,13.60,2.69,0.01,0.06,40.84,31.89,0.98,NaN,0.01,0.01,1.32,0.44,0.10,25.19,10.99,1.82,7.85,1.35,4.19,NaN,0.08,0.01,2.45,1.02,11.63,5.24,NaN,0.39,119.76,4.16,178,0,1181,2,21,0,20,8,NaN,0,1,1,2,3140,791,2630,1301,1076,83,662,19,1648,78,1305,45,92,119,2,4053,,,,,,,,,,,,,,,,,,,,,,,,,,,,,,,
1971,0.52,1.19,5.09,NaN,0.93,NaN,0.12,24.25,0.80,NaN,41.66,14.22,11.43,1.84,0.83,0.98,0.13,17.33,33.14,0.04,0.08,0.06,0.00,0.96,NaN,27.99,0.01,2.05,17.54,0.04,0.02,0.07,96.16,0.01,0.01,0.05,0.04,7.39,239.06,8.27,0.01,0.19,0.00,0.42,0.74,3.90,5.35,0.51,44.10,29.33,0.81,15.56,0.04,0.01,0.96,1.15,6.29,0.41,0.02,NaN,4.56,0.51,0.07,0.00,NaN,0.15,11.07,126.11,0.03,0.06,0.78,0.02,3.04,283.20,0.63,0.02,7.59,0.13,0.01,0.09,0.67,0.22,0.02,0.41,0.11,0.36,2.50,18.89,0.40,56.14,10.63,7.87,6.14,27.78,4.43,84.97,1.57,217.49,0.45,51.76,1.01,0.01,7.40,2.15,0.12,2.68,1.45,NaN,0.42,5.90,4.39,3.60,0.06,2.51,0.28,0.14,4.55,0.00,0.06,0.18,NaN,0.15,0.11,0.11,34.45,0.83,0.45,0.00,2.24,0.99,1.39,NaN,0.02,0.05,NaN,38.42,0.66,4.11,0.41,0.06,8.80,0.00,7.42,NaN,0.57,5.31,NaN,0.71,0.23,0.17,5.08,7.52,0.84,85.42,4.47,2.50,0.22,15.99,4.15,0.09,34.31,423.85,0.02,NaN,0.02,0.01,0.00,16.31,0.37,10.10,0.01,0.22,4.53,14.27,2.90,0.01,0.05,45.97,35.09,0.87,NaN,0.01,0.01,1.36,0.47,0.11,23.07,11.44,2.42,8.60,1.43,5.25,NaN,0.09,0.01,2.21,1.15,13.02,5.56,NaN,0.39,127.11,5.78,180,1,1188,2,23,0,17,7,NaN,0,1,1,2,3218,873,2679,1411,1101,91,720,20,1708,91,1319,47,95,126,-8,4208,,,,,,,,,,,,,,,,,,,,,,,,,,,,,,,
1972,0.42,1.54,7.73,NaN,1.23,NaN,0.10,24.59,0.84,NaN,42.95,15.32,12.02,1.77,1.00,0.96,0.14,18.24,35.68,0.04,0.11,0.07,0.00,0.90,0.01,31.19,0.01,2.58,18.05,0.04,0.02,0.03,103.94,0.01,0.02,0.05,0.03,7.69,254.04,8.59,0.01,0.18,0.00,0.48,0.82,3.66,5.67,0.66,44.51,24.43,0.82,16.25,0.05,0.01,1.28,1.25,6.96,0.46,0.02,NaN,4.80,0.38,0.06,0.00,NaN,0.16,12.04,131.10,0.03,0.06,0.75,0.02,3.20,284.42,0.66,0.02,8.61,0.15,0.01,0.10,0.74,0.23,0.02,0.43,0.11,0.42,2.53,18.93,0.41,59.41,11.82,8.06,6.01,29.01,4.62,89.71,1.72,232.72,0.52,54.47,1.06,0.01,7.54,2.26,0.13,2.82,1.56,NaN,0.41,4.15,4.62,3.68,0.06,2.35,0.35,0.15,4.89,0.00,0.07,0.23,NaN,0.21,0.12,0.19,36.12,0.90,0.42,0.00,2.20,0.90,1.34,NaN,0.02,0.07,NaN,43.03,0.47,4.42,0.44,0.07,11.30,0.00,8.03,NaN,0.57,5.16,NaN,0.76,0.35,0.20,4.96,7.21,0.97,89.98,5.00,2.94,0.24,16.45,4.37,0.10,36.11,446.03,0.02,NaN,0.02,0.01,0.00,19.18,0.40,9.47,0.01,0.19,6.07,14.40,2.72,0.02,0.06,46.83,39.55,0.94,NaN,0.02,0.01,1.47,0.48,0.10,23.12,11.72,2.12,9.80,1.51,5.96,NaN,0.11,0.01,2.25,1.29,14.69,5.85,NaN,0.38,133.76,6.40,177,1,1245,2,24,0,17,6,NaN,0,0,1,2,3360,918,2794,1484,1132,96,761,21,1769,99,1385,48,99,134,-37,4376,,,,,,,,,,,,,,,,,,,,,,,,,,,,,,,
1973,0.45,1.44,10.45,NaN,1.33,NaN,0.09,25.65,0.88,NaN,46.63,16.41,12.53,2.15,1.51,1.24,0.13,19.01,37.87,0.04,0.10,0.12,0.00,1.08,0.01,36.12,0.01,2.72,18.77,0.05,0.02,0.04,104.07,0.02,0.02,0.04,0.04,7.54,264.12,9.19,0.01,0.33,0.00,0.56,0.88,4.37,6.11,0.68,44.70,26.57,0.87,16.14,0.05,0.01,1.63,1.44,6.49,0.54,0.01,NaN,5.00,0.48,0.07,0.00,NaN,0.17,13.47,140.88,0.03,0.06,1.45,0.02,3.33,296.56,0.68,0.02,10.16,0.15,0.02,0.11,0.80,0.22,0.03,0.49,0.12,0.41,2.54,19.93,0.48,61.18,13.40,8.36,6.23,35.42,5.27,96.62,2.26,249.73,0.60,56.78,1.07,0.01,6.61,2.36,0.14,2.94,1.95,NaN,0.40,3.98,4.81,3.86,0.06,2.81,0.29,0.16,4.78,0.00,0.07,0.22,NaN,0.26,0.13,0.19,39.35,0.95,0.50,0.00,2.63,0.97,1.12,NaN,0.02,0.12,NaN,45.17,0.71,4.96,0.50,0.09,13.52,0.00,8.32,NaN,0.58,5.46,NaN,0.88,0.37,0.24,5.39,8.60,0.94,91.66,5.46,3.40,0.25,19.93,4.56,0.11,39.53,464.96,0.02,NaN,0.02,0.01,0.00,25.94,0.42,11.31,0.01,0.15,5.79,14.46,3.25,0.02,0.07,47.32,42.37,0.98,NaN,0.01,0.01,1.48,0.58,0.10,23.83,12.62,2.15,10.99,1.57,6.67,NaN,0.11,0.01,2.56,1.32,16.22,6.10,NaN,0.32,139.44,8.35,180,1,1301,2,25,0,18,7,NaN,0,1,1,3,3516,987,2930,1574,1185,103,803,24,1852,117,1444,53,107,144,-34,4614,,,,,,,,,,,,,,,,,,,,,,,,,,,,,,,
1974,0.52,1.19,8.70,NaN,1.33,NaN,0.12,26.06,0.91,NaN,47.00,15.67,13.01,2.02,1.47,1.27,0.13,19.74,36.88,0.04,0.11,0.12,0.00,1.08,0.02,39.12,0.01,2.23,19.43,0.06,0.03,0.02,106.35,0.02,0.02,0.03,0.04,7.08,269.43,9.95,0.01,0.44,0.00,0.52,0.97,4.39,6.25,0.53,45.23,27.74,0.92,15.01,0.05,0.01,1.75,1.66,7.12,0.54,0.01,NaN,5.19,0.47,0.08,0.00,NaN,0.18,12.73,136.10,0.03,0.06,1.49,0.02,3.46,290.31,0.80,0.02,9.88,0.15,0.01,0.11,0.84,0.23,0.03,0.42,0.13,0.43,2.91,20.21,0.48,63.27,13.98,8.44,6.36,39.34,5.30,98.01,2.07,249.76,0.61,58.95,1.35,0.01,5.27,2.45,0.08,3.05,1.97,NaN,0.47,2.55,5.00,3.93,0.07,2.82,0.32,0.15,5.20,0.00,0.08,0.20,NaN,0.28,0.13,0.19,42.27,1.02,0.50,0.00,3.04,0.86,1.28,NaN,0.03,0.12,NaN,43.75,0.76,5.12,0.53,0.08,16.99,0.00,7.55,NaN,0.64,5.84,NaN,0.82,0.43,0.26,5.83,8.33,0.96,94.59,5.65,2.86,0.27,20.64,4.73,0.12,41.16,482.75,0.02,NaN,0.02,0.01,0.01,26.94,0.51,11.36,0.02,0.14,5.99,14.63,3.26,0.02,0.09,48.20,47.22,0.78,NaN,0.01,0.01,1.55,0.44,0.09,21.79,11.31,2.64,10.74,1.63,6.61,NaN,0.10,0.01,2.74,1.47,16.67,6.33,NaN,0.33,144.77,8.54,168,1,1254,2,26,0,20,5,NaN,0,1,1,2,3477,1017,2868,1626,1169,106,816,24,1857,121,1403,53,114,134,-5,4623,,,,,,,,,,,,,,,,,,,,,,,,,,,,,,,
1975,0.58,1.25,8.74,NaN,1.20,NaN,0.19,25.89,0.96,NaN,47.96,14.83,13.68,2.25,1.57,1.33,0.16,20.75,33.30,0.05,0.12,0.13,0.00,1.13,0.05,41.22,0.01,1.93,19.92,0.06,0.02,0.02,108.30,0.02,0.02,0.03,0.05,6.28,312.41,9.79,0.01,0.30,0.00,0.56,1.09,4.58,7.38,0.54,47.33,29.38,0.88,15.17,0.05,0.01,1.73,2.01,8.48,0.58,0.02,NaN,5.46,0.33,0.10,0.00,NaN,0.17,12.57,121.88,0.03,0.06,1.46,0.03,3.64,273.90,0.75,0.02,10.60,0.14,0.01,0.11,0.96,0.23,0.03,0.50,0.13,0.46,3.01,20.56,0.44,68.78,14.72,9.04,6.01,38.08,5.36,93.35,2.23,237.27,0.68,61.98,1.36,0.01,4.59,2.58,0.07,3.21,1.75,NaN,0.41,3.16,5.25,3.23,0.08,2.94,0.46,0.16,5.30,0.00,0.09,0.18,NaN,0.25,0.14,0.16,44.85,1.11,0.53,0.00,3.03,0.79,1.25,NaN,0.03,0.10,NaN,41.73,0.69,4.98,0.53,0.09,12.93,0.00,8.09,NaN,1.98,6.33,NaN,1.00,0.42,0.23,5.99,8.87,1.11,102.42,5.82,2.99,0.32,22.32,4.97,0.13,44.25,507.54,0.05,NaN,0.02,0.02,0.01,22.73,0.70,11.85,0.02,0.14,6.69,15.31,3.41,0.02,0.14,50.51,49.54,0.77,NaN,0.01,0.01,1.16,0.55,0.09,22.04,10.66,3.05,11.87,1.71,6.66,NaN,0.09,0.01,2.62,1.51,17.92,6.66,NaN,0.31,152.21,8.47,165,1,1202,2,27,0,17,6,NaN,0,1,1,2,3419,1080,2779,1721,1141,106,865,24,1863,119,1355,54,113,122,-26,4596,,,,,,,,,,,,,,,,,,,,,,,,,,,,,,,
1976,0.54,1.35,10.68,NaN,0.90,NaN,0.11,27.21,1.00,NaN,47.52,15.93,14.21,1.76,1.79,1.52,0.15,21.55,35.45,0.05,0.07,0.13,0.00,1.17,0.16,42.31,0.01,1.64,19.94,0.06,0.02,0.02,108.90,0.02,0.02,0.04,0.05,6.57,326.21,10.39,0.01,0.34,0.00,0.57,1.08,4.72,7.42,0.67,49.18,30.05,0.93,16.36,0.05,0.01,1.73,2.21,9.41,0.60,0.02,NaN,5.67,0.32,0.09,0.00,NaN,0.13,13.98,137.88,0.08,0.07,1.56,0.03,3.78,298.12,0.66,0.02,11.70,0.06,0.01,0.14,0.90,0.24,0.03,0.48,0.18,0.49,3.41,21.82,0.47,71.94,16.86,13.31,6.08,42.79,5.35,100.17,1.99,247.86,0.81,64.37,1.26,0.01,5.04,2.68,0.06,3.34,1.67,NaN,0.40,4.89,5.46,3.23,0.07,3.04,0.27,0.16,6.52,0.00,0.09,0.21,NaN,0.23,0.14,0.17,50.22,1.20,0.54,0.00,3.15,0.70,1.34,NaN,0.03,0.08,NaN,46.27,0.65,5.25,0.61,0.09,15.07,0.00,7.97,NaN,2.27,6.23,NaN,0.99,0.43,0.29,6.12,9.58,1.25,108.82,6.12,2.83,0.30,25.45,5.17,0.17,47.66,527.12,0.07,NaN,0.02,0.01,0.01,27.69,0.48,12.23,0.02,0.12,8.19,15.91,3.51,0.02,0.13,52.66,54.12,0.74,NaN,0.01,0.01,1.02,0.55,0.09,24.08,11.04,3.75,15.32,1.78,7.85,NaN,0.09,0.01,4.34,1.60,20.10,6.91,NaN,0.27,158.08,10.81,163,1,1258,2,28,0,16,4,NaN,0,1,1,3,3591,1156,2932,1815,1220,115,910,29,1970,139,1417,54,115,120,-4,4864,,,,,,,,,,,,,,,,,,,,,,,,,,,,,,,
1977,0.65,1.56,11.42,NaN,0.96,NaN,0.13,27.49,1.03,NaN,51.21,15.33,14.69,2.65,2.04,1.59,0.16,22.29,34.52,0.05,0.08,0.12,0.00,1.13,0.21,44.44,0.01,1.74,20.72,0.07,0.03,0.02,108.58,0.02,0.02,0.04,0.05,6.30,357.33,10.73,0.01,0.13,0.01,0.71,1.11,4.59,8.02,0.73,50.66,31.05,0.95,16.77,0.05,0.01,1.53,2.04,10.33,0.62,0.02,NaN,5.86,0.29,0.11,0.00,NaN,0.21,13.70,131.13,0.09,0.08,1.72,0.03,3.91,287.73,0.82,0.02,12.82,0.20,0.01,0.14,1.04,0.25,0.03,0.52,0.19,0.55,3.88,22.69,0.52,86.09,22.48,11.92,6.43,44.79,5.43,97.13,2.03,255.04,0.86,66.57,1.38,0.01,4.70,2.77,0.06,3.45,1.52,NaN,0.40,5.48,5.64,2.98,0.08,2.95,0.23,0.17,6.17,0.00,0.11,0.22,NaN,0.23,0.15,0.18,52.59,1.36,0.53,0.01,3.46,0.74,1.41,NaN,0.03,0.09,NaN,44.80,0.58,5.54,0.77,0.10,13.79,NaN,8.51,NaN,2.32,6.65,NaN,0.94,0.43,0.32,6.37,10.02,1.22,114.27,6.20,2.71,0.43,28.83,5.34,0.18,48.65,545.09,0.07,NaN,0.02,0.02,0.01,32.23,0.61,11.89,0.02,0.14,7.72,16.39,3.42,0.02,0.22,54.53,53.36,0.77,NaN,0.01,0.01,1.04,0.52,0.09,23.40,11.20,4.00,16.70,1.84,8.77,NaN,0.13,0.01,4.41,1.84,22.25,7.15,NaN,0.22,163.47,10.58,165,1,1293,2,29,0,17,4,NaN,0,1,1,3,3650,1237,2974,1913,1208,118,980,28,1983,146,1455,58,119,123,16,5026,,,,,,,,,,,,,,,,,,,,,,,,,,,,,,,
1978,0.59,1.77,17.05,NaN,1.48,NaN,0.13,27.99,1.07,NaN,55.09,15.68,15.20,1.80,2.12,1.64,0.17,23.05,37.05,0.06,0.10,0.12,0.00,1.27,0.23,48.25,0.01,2.60,22.20,0.10,0.03,0.01,110.67,0.06,0.03,0.04,0.05,6.26,398.74,11.37,0.01,0.09,0.01,0.80,1.31,5.13,8.37,0.77,51.13,32.38,0.97,16.58,0.06,0.01,1.49,2.84,10.72,0.65,0.02,NaN,6.06,0.37,0.11,0.00,NaN,0.19,14.16,137.95,0.09,0.09,2.06,0.04,4.04,295.03,0.81,0.02,13.11,0.11,0.01,0.14,1.13,0.25,0.03,0.56,0.21,0.56,4.30,24.05,0.53,86.73,25.62,11.54,6.43,44.34,5.78,101.78,2.49,246.49,0.99,68.86,1.45,0.01,5.73,2.86,0.06,3.57,1.56,NaN,0.41,5.79,5.84,3.23,0.11,3.30,0.28,0.18,6.34,0.01,0.11,0.26,NaN,0.20,0.16,0.17,60.72,1.58,0.59,0.01,3.57,0.78,1.41,NaN,0.03,0.09,NaN,46.51,0.42,4.91,0.72,0.11,13.17,0.00,8.88,NaN,2.13,7.13,NaN,0.78,0.46,0.41,6.13,10.22,1.37,117.82,6.20,2.87,0.55,30.93,5.53,0.20,52.88,563.84,0.08,NaN,0.03,0.03,0.01,31.40,0.72,13.29,0.02,0.19,9.04,16.54,3.82,0.02,0.15,55.11,54.68,0.92,NaN,0.01,0.01,0.94,0.65,0.12,21.69,11.51,4.15,19.40,1.90,9.56,NaN,0.10,0.01,4.18,2.04,21.07,7.40,NaN,0.19,169.09,12.22,165,1,1333,2,30,0,19,4,NaN,0,1,1,3,3748,1324,3051,2021,1245,127,1032,27,2048,147,1505,61,126,125,-110,5087,,,,,,,,,,,,,,,,,,,,,,,,,,,,,,,
1979,0.61,2.07,12.44,NaN,1.50,NaN,0.11,30.19,1.08,NaN,55.92,16.80,15.33,1.89,2.22,1.81,0.16,23.25,38.24,0.06,0.10,0.13,0.01,1.38,0.26,51.36,0.01,2.03,21.59,0.11,0.03,0.01,116.63,0.07,0.03,0.03,0.06,6.78,407.65,12.12,0.01,0.10,0.01,0.76,1.48,5.58,8.65,0.82,49.81,32.96,1.02,17.09,0.10,0.01,1.86,3.32,11.71,0.65,0.02,NaN,6.11,0.50,0.13,0.00,NaN,0.23,14.82,144.30,0.15,0.08,1.84,0.04,4.07,305.69,0.73,0.03,13.99,0.16,0.01,0.15,1.28,0.26,0.03,0.42,0.21,0.53,4.33,23.52,0.54,90.52,25.93,14.45,7.47,44.76,5.73,105.66,2.33,260.60,1.04,69.43,1.37,0.01,4.82,2.89,0.06,3.60,1.68,NaN,0.53,7.10,5.88,3.31,0.11,3.59,0.31,0.17,7.44,0.01,0.12,0.25,NaN,0.19,0.17,0.18,65.69,1.72,0.64,0.01,4.35,0.72,1.39,NaN,0.03,0.14,NaN,51.22,0.45,4.49,0.47,0.13,19.17,0.00,9.08,NaN,2.11,7.70,NaN,0.87,0.49,0.37,6.07,10.40,1.29,120.67,6.83,3.92,0.50,36.33,5.57,0.25,53.47,568.53,0.08,NaN,0.04,0.03,0.01,37.67,0.79,14.46,0.03,0.19,9.85,16.11,4.15,0.03,0.13,59.70,55.56,1.02,NaN,0.01,0.01,0.97,0.63,0.12,23.16,10.88,6.15,20.69,1.92,10.02,NaN,0.38,0.01,4.56,2.39,20.61,7.46,NaN,0.18,170.50,9.98,176,1,1336,2,30,0,21,4,NaN,0,1,1,3,3824,1385,3130,2079,1292,137,1071,28,2102,156,1519,61,135,125,35,5369,,,,,,,,,,,,,,,,,,,,,,,,,,,,,,,
1980,0.48,1.41,18.14,NaN,1.46,NaN,0.04,29.65,1.12,NaN,60.20,14.26,15.93,2.18,2.15,2.08,0.18,24.16,36.90,0.05,0.14,0.12,0.01,1.35,0.27,51.02,0.01,1.88,21.13,0.12,0.04,0.08,116.87,0.03,0.05,0.03,0.06,6.89,400.11,12.10,0.01,0.11,0.01,0.67,1.70,5.49,8.56,0.88,50.40,34.09,0.96,16.42,0.10,0.01,1.76,3.67,12.34,0.58,0.02,NaN,6.36,0.50,0.12,0.00,NaN,0.22,15.88,137.81,0.10,0.08,1.81,0.04,4.24,300.84,0.70,0.02,14.03,0.15,0.01,0.17,1.23,0.26,0.04,0.49,0.21,0.56,4.54,23.69,0.51,95.06,25.85,12.42,7.16,33.00,5.77,106.07,2.31,258.41,1.29,72.17,1.69,0.01,6.73,3.00,0.05,3.74,1.69,NaN,0.56,7.34,6.12,3.01,0.14,3.53,0.44,0.19,7.64,0.01,0.11,0.28,NaN,0.21,0.17,0.16,73.21,1.88,0.63,0.00,4.35,0.88,1.51,NaN,0.03,0.15,NaN,48.41,0.55,4.76,0.55,0.16,18.59,0.00,9.55,NaN,1.65,8.75,NaN,0.85,0.50,0.42,6.58,10.09,1.27,126.69,7.36,3.57,1.07,36.78,5.79,0.22,53.62,590.94,0.14,NaN,0.03,0.03,0.01,46.20,0.91,14.22,0.03,0.17,8.57,16.31,4.09,0.03,0.22,62.30,58.63,0.91,NaN,0.01,0.01,1.02,0.65,0.13,19.57,11.06,5.67,22.81,1.99,10.94,NaN,0.20,0.01,4.62,2.59,20.66,7.75,NaN,0.17,177.22,10.06,158,1,1287,2,31,0,25,5,NaN,0,1,1,3,3779,1410,3064,2125,1263,147,1076,28,2104,152,1478,66,139,122,4,5315,,,,,,,,,,,,,,,,,,,,,,,,,,,,,,,
1981,0.54,2.00,12.66,NaN,1.44,NaN,0.03,27.83,1.10,NaN,62.82,15.31,15.63,0.76,2.33,2.16,0.19,23.71,33.82,0.05,0.12,0.11,0.01,1.47,0.28,46.85,0.01,0.40,21.91,0.15,0.04,0.08,113.47,0.01,0.04,0.04,0.06,6.70,395.83,12.12,0.01,0.13,0.02,0.61,1.22,5.98,8.93,0.83,49.86,34.20,1.03,14.06,0.08,0.01,1.68,4.55,13.90,0.50,0.02,NaN,6.24,0.51,0.12,0.01,NaN,0.30,14.05,124.00,0.09,0.09,1.79,0.04,4.16,286.78,0.83,0.01,13.83,0.14,0.02,0.22,1.08,0.27,0.04,0.49,0.21,0.50,5.10,23.62,0.48,102.22,27.31,8.76,7.10,30.81,5.79,103.09,2.02,253.51,1.60,70.80,1.78,0.01,6.88,2.94,0.04,3.67,1.73,NaN,0.53,7.86,6.00,2.57,0.15,3.84,0.28,0.17,8.41,0.01,0.11,0.31,NaN,0.22,0.18,0.15,77.59,1.81,0.69,0.01,4.32,0.68,1.54,NaN,0.03,0.12,NaN,44.98,0.38,4.51,0.58,0.19,17.99,0.00,9.06,NaN,1.64,9.38,NaN,0.91,0.53,0.39,6.57,9.45,1.31,111.83,7.43,3.51,1.46,38.11,5.68,0.21,54.04,579.78,0.16,0.00,0.03,0.03,0.01,47.86,0.90,15.47,0.03,0.19,7.32,16.13,4.45,0.04,0.08,70.19,56.53,1.08,0.02,0.01,0.01,0.99,0.55,0.12,18.93,10.60,7.26,20.50,1.96,10.38,NaN,0.17,0.01,4.71,2.68,21.78,7.61,NaN,0.14,173.87,10.05,153,1,1236,1,31,0,25,5,NaN,0,1,1,3,3643,1411,2948,2106,1200,150,1070,26,2027,151,1427,68,134,113,-15,5152,,,,,,,,,,,,,,,,,,,,,,,,,,,,,,,
1982,0.57,1.99,10.71,NaN,1.27,NaN,0.08,28.20,1.12,NaN,63.85,14.69,15.92,0.62,2.68,2.35,0.18,24.15,32.06,0.05,0.14,0.11,0.01,1.35,0.30,46.95,0.01,0.57,24.58,0.16,0.04,0.09,109.16,0.01,0.05,0.04,0.06,5.62,430.94,12.52,0.01,0.37,0.01,0.57,1.67,5.49,9.42,0.85,49.38,34.92,0.84,14.58,0.10,0.01,1.73,5.26,15.41,0.48,0.02,NaN,6.35,0.40,0.13,0.01,NaN,0.23,11.75,119.14,0.10,0.09,1.79,0.04,4.23,277.84,0.83,0.01,14.22,0.14,0.02,0.21,0.99,0.27,0.04,0.38,0.23,0.48,5.37,23.69,0.44,108.65,28.75,8.35,6.97,37.67,6.57,100.81,1.70,245.49,1.72,72.14,1.28,0.01,5.77,3.00,0.04,3.74,1.67,NaN,0.16,8.39,6.11,2.42,0.13,3.53,0.28,0.16,8.34,0.01,0.10,0.36,NaN,0.25,0.24,0.14,83.13,1.84,0.63,0.01,4.65,0.69,1.53,NaN,0.03,0.12,NaN,36.63,0.35,4.97,0.58,0.20,17.89,0.00,8.96,NaN,1.56,10.20,NaN,0.90,0.53,0.38,6.46,9.54,1.19,115.14,7.98,3.37,1.73,38.70,5.79,0.24,53.39,590.74,0.17,0.00,0.03,0.03,0.01,43.11,0.83,14.21,0.02,0.15,8.11,15.98,4.08,0.03,0.20,76.56,57.24,1.20,0.02,0.01,0.01,1.04,0.51,0.12,16.99,9.99,6.68,20.59,1.99,10.34,NaN,0.20,0.01,5.03,2.60,23.72,7.75,NaN,0.15,177.16,10.06,150,1,1173,1,31,0,25,5,NaN,0,2,1,2,3554,1476,2851,2179,1172,157,1112,27,2011,155,1365,70,134,102,-19,5113,,,,,,,,,,,,,,,,,,,,,,,,,,,,,,,
1983,0.69,2.08,14.35,NaN,1.40,NaN,0.02,28.69,1.13,NaN,61.36,14.18,16.15,0.55,2.24,2.25,0.19,24.50,27.71,0.05,0.13,0.12,0.01,1.46,0.28,45.44,0.01,0.74,24.64,0.16,0.06,0.10,108.31,0.01,0.05,0.04,0.06,5.68,454.60,13.49,0.01,0.31,0.01,0.57,1.32,5.91,8.41,0.85,49.46,37.44,1.10,13.63,0.10,0.01,2.16,5.33,15.57,0.52,0.02,NaN,6.44,0.50,0.13,0.01,NaN,0.20,11.34,115.25,0.11,0.12,1.51,0.04,4.29,276.78,1.00,0.01,15.15,0.10,0.02,0.22,0.87,0.26,0.04,0.34,0.24,0.55,5.73,24.31,0.42,117.90,28.62,10.57,7.01,40.88,6.53,98.55,1.76,241.03,2.01,73.18,1.27,0.01,5.89,3.04,0.05,3.79,2.00,NaN,0.19,8.29,6.20,2.26,0.19,3.80,0.18,0.16,10.36,0.01,0.11,0.27,NaN,0.28,0.26,0.16,75.93,1.91,0.68,0.01,4.85,0.54,1.58,NaN,0.03,0.14,NaN,37.70,0.32,4.90,0.55,0.26,16.34,0.00,8.21,NaN,2.05,10.99,NaN,0.95,0.55,0.40,5.58,9.66,1.17,115.17,8.23,3.07,1.80,41.15,5.87,0.25,54.69,599.21,0.19,0.00,0.03,0.03,0.02,43.92,0.72,15.31,0.03,0.19,9.54,16.00,4.40,0.04,0.26,79.69,55.87,1.31,0.01,0.01,0.01,1.07,0.38,0.07,15.90,10.93,7.63,22.71,2.02,11.58,NaN,0.15,0.01,4.45,3.08,24.69,7.86,NaN,0.17,179.70,9.64,149,1,1182,1,32,0,25,5,NaN,0,2,1,3,3556,1529,2835,2250,1161,163,1156,24,2013,163,1366,67,133,98,-89,5094,,,,,,,,,,,,,,,,,,,,,,,,,,,,,,,
1984,0.77,2.13,19.39,NaN,1.37,NaN,0.04,29.05,1.14,NaN,64.52,14.88,16.30,0.51,2.51,2.49,0.20,24.72,28.75,0.05,0.14,0.12,0.01,1.54,0.29,46.03,0.01,0.52,23.83,0.13,0.06,0.11,110.91,0.02,0.05,0.04,0.06,6.05,494.93,13.36,0.01,0.31,0.01,0.55,1.47,6.23,8.89,0.87,51.14,40.31,1.08,13.80,0.10,0.01,2.03,5.80,17.41,0.44,0.02,NaN,6.50,0.45,0.14,0.01,NaN,0.16,11.52,110.54,0.10,0.13,1.64,0.05,4.33,282.70,0.70,0.01,15.56,0.16,0.02,0.24,0.93,0.27,0.04,0.38,0.25,0.54,6.09,24.78,0.50,121.93,30.59,10.96,6.96,41.13,6.48,100.26,1.40,256.38,2.28,73.83,1.18,0.01,7.74,3.07,0.05,3.83,1.92,NaN,0.19,7.81,6.26,2.44,0.17,4.01,0.26,0.15,9.46,0.02,0.12,0.37,NaN,0.40,0.24,0.17,75.71,1.76,0.72,0.01,4.86,0.42,1.79,NaN,0.03,0.19,NaN,39.56,0.33,5.26,0.51,0.27,18.99,0.00,9.03,NaN,2.20,11.69,NaN,0.79,0.56,0.42,5.64,8.45,1.10,118.32,7.93,3.36,1.65,44.70,5.93,0.27,51.62,604.60,0.17,0.00,0.03,0.03,0.01,42.46,0.90,16.14,0.03,0.17,9.11,16.54,4.64,0.04,0.20,86.16,54.26,1.03,0.01,0.01,0.02,0.96,0.42,0.09,15.64,10.68,9.02,23.18,2.04,12.54,NaN,0.17,0.01,4.78,3.15,26.12,7.93,NaN,0.16,181.31,12.65,144,1,1219,1,32,0,25,5,NaN,0,2,1,3,3625,1612,2906,2330,1164,178,1224,27,2025,171,1406,71,135,98,-55,5280,,,,,,,,,,,,,,,,,,,,,,,,,,,,,,,
1985,0.96,2.15,19.85,NaN,1.28,NaN,0.07,27.43,1.23,NaN,65.78,14.92,17.58,0.41,2.78,2.79,0.23,26.66,28.48,0.05,0.20,0.12,0.02,1.57,0.32,49.43,0.01,0.71,24.42,0.13,0.06,0.11,109.59,0.02,0.05,0.04,0.05,5.86,536.28,13.19,0.02,0.35,0.01,0.62,2.00,6.36,8.88,0.85,50.45,43.21,0.99,16.30,0.10,0.01,1.99,5.30,17.44,0.54,0.02,NaN,7.01,0.50,0.14,0.01,NaN,0.16,13.54,109.32,0.10,0.16,1.72,0.05,4.67,285.65,0.91,0.01,16.53,0.14,0.02,0.24,0.96,0.27,0.05,0.39,0.26,0.52,6.28,23.48,0.44,133.75,33.06,12.18,7.29,43.89,6.78,101.48,1.38,249.63,2.33,79.63,1.03,0.01,7.95,3.31,0.06,4.13,2.20,NaN,0.20,8.57,6.75,2.50,0.20,4.09,0.30,0.15,9.88,0.02,0.11,0.33,NaN,0.33,0.18,0.19,78.68,2.46,0.73,0.01,4.87,0.31,1.83,NaN,0.03,0.19,NaN,40.35,0.40,5.95,0.54,0.27,19.06,0.00,9.51,NaN,2.36,12.87,NaN,0.72,0.58,0.44,5.32,7.65,1.13,121.60,7.47,3.38,1.77,48.63,6.39,0.27,53.00,652.04,0.17,0.00,0.04,0.03,0.02,47.08,0.73,16.47,0.04,0.18,9.11,16.32,4.73,0.04,0.23,88.41,54.88,1.05,0.01,0.01,0.02,1.11,0.44,0.12,17.02,10.86,8.09,23.15,2.20,13.27,NaN,0.15,0.01,5.66,3.26,29.10,8.55,NaN,0.17,195.54,13.62,153,1,1223,1,35,0,28,6,NaN,0,2,1,3,3709,1717,2936,2491,1188,182,1295,28,2114,184,1412,73,138,100,-88,5439,,,,,,,,,,,,,,,,,,,,,,,,,,,,,,,
1986,0.86,2.20,20.80,NaN,1.27,NaN,0.07,28.42,1.24,0.05,65.44,14.75,17.63,0.39,3.00,3.13,0.25,26.73,28.05,0.06,0.19,0.12,0.02,1.64,0.36,54.24,0.01,0.63,24.96,0.13,0.07,0.12,105.60,0.02,0.06,0.04,0.05,6.07,564.21,13.39,0.01,0.29,0.01,0.71,1.63,6.64,9.15,0.97,50.80,46.96,0.92,15.97,0.11,0.01,2.23,4.17,20.33,0.54,0.02,NaN,7.03,0.60,0.13,0.01,NaN,0.17,14.54,105.16,0.10,0.17,1.36,0.04,4.69,286.64,0.83,0.01,16.13,0.09,0.02,0.26,1.01,0.27,0.05,0.29,0.23,0.50,7.01,22.78,0.49,143.40,33.20,13.02,7.78,40.52,7.26,99.93,1.24,249.61,2.53,79.85,1.14,0.01,9.63,3.32,0.06,4.14,2.12,NaN,0.20,9.29,6.77,2.46,0.24,4.27,0.32,0.15,10.90,0.02,0.10,0.41,NaN,0.37,0.10,0.22,80.33,2.64,0.76,0.01,5.15,0.27,1.85,NaN,0.04,0.19,1.41,39.57,0.38,6.24,0.62,0.25,20.05,0.00,9.18,NaN,2.69,13.49,NaN,0.75,0.56,0.48,5.96,7.97,1.03,123.64,8.32,3.63,0.55,49.76,6.41,0.29,55.13,653.83,0.16,0.00,0.04,0.03,0.01,55.87,0.73,17.20,0.05,0.18,9.55,16.44,4.94,0.04,0.25,90.23,51.94,0.97,0.02,0.01,0.02,1.16,0.48,0.13,16.92,11.53,8.55,25.77,2.21,13.55,NaN,0.19,0.01,4.74,3.29,31.87,8.58,NaN,0.19,196.08,12.88,155,1,1225,1,35,0,30,6,NaN,0,2,1,4,3709,1793,2937,2565,1188,189,1345,25,2118,196,1411,73,145,107,-3,5607,,,,,,,,,,,,,,,,,,,,,,,,,,,,,,,
1987,0.85,2.03,22.94,NaN,1.59,NaN,0.08,31.35,1.29,0.12,69.84,15.75,18.37,0.39,3.12,3.24,0.26,27.86,28.12,0.06,0.15,0.16,0.03,1.63,0.42,56.59,0.01,0.91,24.99,0.14,0.07,0.12,112.29,0.02,0.06,0.07,0.05,6.18,602.59,13.77,0.02,0.36,0.01,0.75,2.10,6.60,9.26,1.12,50.41,52.58,1.05,15.85,0.11,0.01,2.66,4.12,20.40,0.67,0.03,NaN,7.33,0.70,0.14,0.01,NaN,0.13,15.72,102.94,0.11,0.17,1.10,0.05,4.88,282.56,0.90,0.01,17.31,0.06,0.02,0.28,1.09,0.27,0.05,0.36,0.25,0.59,7.71,23.03,0.51,153.14,33.64,14.42,8.24,43.56,7.47,104.63,1.47,246.99,2.64,83.21,1.41,0.01,8.58,3.46,0.06,4.31,2.17,NaN,0.21,8.88,7.05,2.36,0.27,4.24,0.36,0.15,11.12,0.02,0.10,0.51,NaN,0.45,0.90,0.25,83.82,2.89,0.76,0.01,5.49,0.27,1.36,NaN,0.04,0.24,1.27,41.61,0.40,6.58,0.67,0.27,16.18,0.00,9.58,NaN,2.58,14.60,NaN,0.87,0.64,0.54,7.03,8.91,1.10,126.90,8.60,3.14,0.51,52.54,6.68,0.32,57.86,681.37,0.17,0.00,0.04,0.03,0.01,52.01,0.67,17.09,0.06,0.14,8.89,16.31,4.91,0.04,0.27,89.73,52.05,1.08,0.02,0.01,0.02,0.91,0.48,0.12,16.29,10.98,9.88,26.82,2.30,15.53,NaN,0.21,0.02,4.78,3.20,35.43,8.94,NaN,0.21,204.34,13.01,156,1,1277,1,36,0,30,7,NaN,0,2,1,4,3818,1881,3016,2682,1199,189,1413,26,2166,200,1474,77,153,118,-65,5752,,,,,,,,,,,,,,,,,,,,,,,,,,,,,,,
1988,0.78,2.00,22.89,NaN,1.40,NaN,0.08,33.13,1.33,0.17,71.22,14.55,18.87,0.42,3.32,3.69,0.26,28.62,27.37,0.07,0.15,0.18,0.03,1.68,0.44,57.09,0.01,1.56,23.80,0.15,0.07,0.12,118.45,0.02,0.06,0.06,0.02,7.34,646.17,14.30,0.02,0.41,0.01,0.80,2.50,6.83,9.72,1.13,49.61,60.23,1.10,14.96,0.10,0.02,2.68,4.71,20.33,0.67,0.03,NaN,7.53,0.73,0.14,0.01,NaN,0.15,14.23,101.50,0.14,0.16,1.18,0.05,5.02,281.68,0.94,0.02,18.54,0.15,0.03,0.31,1.13,0.28,0.06,0.38,0.28,0.68,8.04,21.34,0.50,165.34,36.04,18.52,8.14,48.07,8.20,106.29,1.24,269.73,2.54,85.50,1.31,0.01,8.98,3.55,0.06,4.43,2.09,NaN,0.22,9.93,7.25,2.44,0.26,4.39,0.36,0.15,11.65,0.03,0.11,0.55,NaN,0.47,0.88,0.23,83.74,3.16,0.78,0.01,5.78,0.28,1.12,NaN,0.04,0.27,1.13,40.06,0.42,6.93,0.61,0.27,19.29,0.00,9.12,NaN,2.89,15.88,NaN,0.80,0.60,0.62,6.85,10.29,1.18,121.62,8.98,3.25,0.60,60.53,6.86,0.37,58.03,700.10,0.19,0.00,0.05,0.03,0.01,55.24,0.75,17.69,0.05,0.13,9.85,16.05,5.08,0.04,0.28,93.55,54.28,0.92,0.02,0.02,0.02,1.32,0.51,0.12,15.67,11.10,10.08,30.89,2.36,18.27,NaN,0.22,0.02,4.33,3.40,34.45,9.18,NaN,0.24,209.95,13.19,156,1,1333,1,37,0,32,6,NaN,0,3,1,4,3916,2002,3100,2818,1187,199,1525,26,2180,213,1536,79,159,122,-75,5965,,,,,,,,,,,,,,,,,,,,,,,,,,,,,,,
1989,0.76,2.45,21.83,NaN,1.37,NaN,0.08,31.93,1.30,0.18,75.75,14.76,18.48,0.53,3.20,3.67,0.27,28.03,29.31,0.08,0.18,0.21,0.02,1.68,0.48,58.37,0.01,1.73,23.65,0.22,0.08,0.12,120.09,0.02,0.07,0.07,0.03,8.83,656.82,14.52,0.02,0.41,0.01,0.81,2.32,6.82,9.75,1.18,47.98,63.93,1.20,13.30,0.11,0.02,2.83,5.53,19.68,0.71,0.03,NaN,7.37,0.77,0.16,0.01,NaN,0.17,14.34,106.53,0.18,0.17,1.57,0.05,4.91,277.36,0.91,0.02,20.23,0.13,0.03,0.32,1.16,0.29,0.06,0.33,0.28,0.74,8.28,20.75,0.52,180.79,35.72,19.98,8.19,52.18,8.66,111.51,1.84,279.67,2.52,83.71,1.42,0.01,9.79,3.48,0.06,4.34,2.20,NaN,0.18,10.18,7.10,2.63,0.28,4.38,0.26,0.15,13.60,0.03,0.11,0.59,NaN,0.42,0.78,0.29,98.69,2.88,0.78,0.01,6.25,0.28,1.22,NaN,0.04,0.25,1.61,44.48,0.46,6.93,0.40,0.28,11.57,0.00,10.17,NaN,2.75,16.62,NaN,0.69,0.56,0.64,5.96,10.67,1.36,115.57,11.24,3.91,2.08,64.32,6.72,0.38,58.40,685.43,0.19,0.00,0.05,0.03,0.01,55.56,1.01,17.65,0.06,0.10,11.42,15.52,5.07,0.04,0.26,93.02,61.81,0.93,0.02,0.03,0.02,1.03,0.51,0.12,15.14,10.76,9.43,33.63,2.31,21.51,NaN,0.23,0.02,4.40,3.61,37.99,8.99,NaN,0.22,205.55,14.86,159,1,1350,1,37,0,30,5,NaN,0,3,1,4,3947,2062,3174,2835,1204,192,1574,28,2178,226,1569,84,159,127,-38,6097,,,,,,,,,,,,,,,,,,,,,,,,,,,,,,,
1990,0.73,2.04,21.52,NaN,1.21,NaN,0.08,30.71,1.22,0.50,78.36,16.56,17.32,0.53,3.24,4.24,0.29,26.28,29.58,0.09,0.20,0.16,0.04,1.68,0.59,56.96,0.01,1.75,20.66,0.16,0.08,0.12,122.74,0.02,0.07,0.05,0.04,9.31,671.05,15.64,0.02,0.32,0.01,0.81,1.58,6.81,9.09,1.27,44.87,66.77,1.11,13.57,0.11,0.02,2.61,4.59,20.71,0.71,0.03,NaN,6.91,0.82,0.17,0.01,NaN,0.22,14.11,108.82,0.22,0.17,1.32,0.05,4.61,276.42,1.07,0.03,19.83,0.15,0.03,0.35,1.39,0.29,0.07,0.31,0.27,0.71,7.54,17.17,0.54,188.32,40.79,14.33,8.57,57.58,9.15,113.87,2.17,298.56,2.84,78.48,1.59,0.01,13.18,3.26,0.06,4.07,2.48,NaN,0.13,10.03,6.65,2.73,0.28,4.38,0.27,0.17,15.43,0.04,0.12,0.59,0.01,0.56,0.73,0.40,85.74,2.74,0.78,0.01,6.42,0.27,1.17,0.01,0.04,0.17,1.70,44.58,0.44,6.45,0.70,0.23,12.37,0.00,8.55,NaN,3.11,18.70,NaN,0.76,0.58,0.62,5.77,11.39,1.50,100.02,11.51,3.21,0.47,67.34,6.30,0.40,43.32,642.66,0.19,0.00,0.05,0.03,0.01,59.44,0.87,17.63,0.03,0.11,12.80,14.52,5.07,0.04,0.01,90.95,59.69,1.03,0.02,0.03,0.02,1.52,0.49,0.12,13.94,11.69,10.21,34.34,2.17,26.13,NaN,0.21,0.02,4.63,3.62,39.78,8.43,NaN,0.22,192.73,14.18,156,1,1300,1,34,0,33,6,NaN,0,2,1,4,3822,2089,3117,2795,1161,188,1628,28,2077,235,1509,86,161,144,72,6127,,,,,,,,,,,,,,,,,,,,,,,,,,,,,,,
1991,0.68,1.08,22.21,NaN,1.19,NaN,0.08,31.91,1.17,0.53,76.77,17.89,16.70,0.49,3.14,4.35,0.33,25.33,32.06,0.10,0.23,0.14,0.05,1.19,0.59,59.81,0.01,1.59,15.87,0.17,0.09,0.13,122.46,0.03,0.08,0.06,0.02,8.78,704.81,15.58,0.02,0.35,0.01,0.91,1.54,4.82,8.08,1.29,41.38,68.49,1.02,16.69,0.11,0.02,2.76,4.50,21.47,0.88,0.06,NaN,6.66,0.81,0.16,0.01,NaN,0.18,14.66,116.63,0.23,0.17,0.40,0.05,4.44,253.61,1.10,0.03,18.44,0.15,0.03,0.37,1.38,0.29,0.07,0.31,0.27,0.74,7.88,17.30,0.48,201.21,49.01,12.93,8.53,62.19,9.36,115.57,2.23,300.12,2.67,75.65,1.32,0.01,2.78,3.14,0.07,3.92,2.59,NaN,0.08,11.69,6.41,2.89,0.30,3.10,0.29,0.18,18.71,0.05,0.12,0.57,0.01,0.50,0.75,0.42,89.00,3.33,0.55,0.01,6.81,0.28,1.14,0.28,0.04,0.26,1.40,44.75,0.49,6.59,0.55,0.22,12.34,0.00,8.73,NaN,3.21,18.61,NaN,0.89,0.56,0.61,5.57,11.98,1.58,98.61,11.98,4.82,0.30,71.31,6.07,0.47,37.51,619.43,0.17,0.00,0.05,0.03,0.01,73.02,0.93,12.47,0.04,0.13,12.93,13.39,3.58,0.04,0.00,94.45,61.59,1.11,0.02,0.03,0.02,1.47,0.57,0.09,14.52,11.45,11.78,37.38,2.09,28.70,NaN,0.23,0.03,5.74,4.22,40.53,8.13,NaN,0.23,185.76,15.55,159,1,1316,1,33,0,31,6,NaN,0,3,1,4,3787,2301,3132,2955,1140,195,1695,29,2016,247,1528,84,162,137,123,6217,,,,,,,,,,,,,,,,,,,,,,,,,,,,,,,
1992,0.39,0.65,22.43,NaN,1.21,NaN,0.08,33.12,1.11,0.47,80.30,16.51,15.73,0.49,2.89,4.84,0.27,23.86,31.19,0.10,0.25,0.11,0.06,1.13,0.90,60.19,0.01,1.58,14.85,0.17,0.09,0.13,127.53,0.03,0.09,0.06,0.02,9.09,735.20,16.92,0.02,0.43,0.01,1.03,1.26,4.57,8.55,1.44,37.92,69.65,0.99,14.81,0.11,0.02,3.06,6.08,22.16,0.94,0.06,NaN,6.28,0.81,0.18,0.01,NaN,0.20,13.05,108.27,0.24,0.18,0.58,0.05,4.18,243.24,1.12,0.03,20.59,0.13,0.03,0.39,1.64,0.29,0.07,0.29,0.25,0.84,9.12,16.01,0.50,213.70,55.24,16.82,8.54,62.47,11.32,114.68,2.21,306.40,3.35,71.26,1.51,0.01,5.75,2.96,0.08,3.69,3.10,NaN,0.08,10.16,6.04,2.88,0.30,2.94,0.29,0.18,20.53,0.07,0.12,0.56,0.02,0.56,0.80,0.47,89.58,3.02,0.52,0.01,7.10,0.27,1.33,0.31,0.04,0.36,1.18,43.73,0.48,6.85,0.65,0.21,17.69,0.00,8.07,NaN,3.29,19.85,0.03,1.16,0.56,0.72,5.56,13.30,1.81,97.43,13.14,7.31,1.04,77.52,5.72,0.47,33.61,583.51,0.17,0.00,0.06,0.04,0.01,77.87,0.95,11.84,0.05,0.06,13.71,12.27,3.40,0.04,0.00,88.59,63.83,1.38,0.02,0.03,0.02,1.30,0.58,0.07,15.06,11.74,12.12,40.27,1.97,31.41,NaN,0.23,0.02,5.72,4.10,41.75,7.65,NaN,0.23,174.99,15.85,158,1,1342,1,31,0,29,6,NaN,0,4,1,5,3745,2253,3153,2845,1105,196,1762,30,1931,268,1560,88,165,154,11,6164,,,,,,,,,,,,,,,,,,,,,,,,,,,,,,,
1993,0.38,0.64,22.49,NaN,1.58,NaN,0.08,32.35,0.79,0.48,82.39,16.44,13.46,0.46,4.13,4.75,0.30,20.30,29.70,0.10,0.31,0.13,0.05,0.80,0.96,62.92,0.01,1.52,18.57,0.17,0.09,0.13,130.33,0.03,0.09,0.06,0.03,9.67,785.03,17.46,0.02,0.42,0.01,1.08,1.61,4.48,8.00,1.50,35.95,71.49,0.93,15.59,0.12,0.02,3.26,6.60,25.40,1.06,0.03,NaN,4.84,0.83,0.19,0.01,NaN,0.21,13.79,106.11,0.24,0.17,0.90,0.06,2.71,239.34,1.27,0.09,20.63,0.14,0.03,0.40,1.54,0.30,0.08,0.29,0.18,0.78,9.58,16.39,0.54,222.06,59.61,18.22,8.52,64.84,12.31,112.33,2.30,302.31,3.30,60.30,1.73,0.01,9.07,2.27,0.08,3.30,3.18,NaN,0.09,10.62,4.77,2.94,0.32,2.82,0.29,0.19,25.01,0.06,0.12,0.73,0.02,0.55,0.81,0.48,90.08,2.54,0.46,0.01,7.70,0.29,1.46,0.31,0.04,0.40,1.83,45.18,0.48,7.34,0.63,0.24,16.38,0.00,8.78,NaN,3.67,21.27,0.03,1.08,0.54,0.81,6.42,13.49,2.19,96.13,12.77,8.38,1.06,87.80,4.26,0.48,32.92,535.57,0.18,0.00,0.06,0.04,0.01,85.58,0.98,10.31,0.04,0.06,14.90,10.99,3.59,0.04,0.00,93.41,59.83,1.34,0.02,0.02,0.03,0.79,0.59,0.04,14.19,11.12,12.85,43.66,1.41,35.65,NaN,0.24,0.03,4.59,4.50,43.40,7.54,NaN,0.23,148.93,17.99,152,1,1372,1,32,0,34,6,NaN,0,3,1,4,3681,2362,3175,2867,1084,205,1833,29,1829,289,1592,91,175,158,-38,6162,,,,,,,,,,,,,,,,,,,,,,,,,,,,,,,
1994,0.36,0.53,23.55,NaN,1.06,NaN,0.09,33.64,0.81,0.48,82.89,16.66,11.64,0.46,4.16,5.17,0.20,17.98,30.90,0.10,0.35,0.13,0.06,0.88,0.96,66.04,0.01,1.48,14.82,0.18,0.09,0.15,123.94,0.03,0.10,0.06,0.03,10.61,833.99,18.43,0.02,0.59,0.01,1.44,1.43,4.60,8.78,1.54,34.32,70.81,0.68,16.65,0.12,0.02,3.46,3.72,23.27,1.21,0.01,0.05,4.82,0.81,0.17,0.01,NaN,0.22,15.68,100.75,0.24,0.15,0.91,0.06,1.66,236.04,1.38,0.11,21.37,0.14,0.04,0.41,1.87,0.34,0.08,0.36,0.08,0.91,8.57,15.84,0.55,235.87,60.38,20.47,8.92,72.49,12.85,111.09,2.35,320.16,3.72,54.40,1.79,0.01,10.61,1.65,0.08,3.09,3.48,NaN,0.09,12.04,4.73,2.78,0.35,2.86,0.36,0.20,25.64,0.06,0.13,0.67,0.02,0.56,0.85,0.44,94.90,2.17,0.44,0.01,8.08,0.29,1.70,0.36,0.04,0.46,1.79,45.22,0.47,7.20,0.69,0.24,12.72,0.00,7.98,NaN,4.17,23.14,0.03,1.18,0.60,0.95,6.34,14.94,2.43,91.67,12.97,8.24,1.04,93.82,3.30,0.53,31.47,469.75,0.17,0.00,0.07,0.03,0.01,84.27,1.06,10.03,0.05,0.08,17.83,10.80,3.64,0.04,0.00,97.88,63.69,1.48,0.02,0.02,0.03,1.21,0.59,0.13,14.87,11.27,13.24,45.70,0.64,39.67,NaN,0.23,0.03,5.41,4.35,42.77,9.13,NaN,0.21,121.90,19.94,151,1,1397,1,30,0,35,7,NaN,0,3,1,5,3611,2458,3216,2854,1071,207,1922,32,1719,304,1616,91,180,163,33,6266,,,,,,,,,,,,,,,,,,,,,,,,,,,,,,,
1995,0.35,0.57,25.82,0.11,3.00,NaN,0.09,33.42,0.95,0.49,83.84,16.83,9.13,0.46,4.37,6.22,0.23,16.94,30.81,0.10,0.36,0.13,0.07,0.94,0.96,70.45,0.01,1.50,15.82,0.17,0.09,0.42,125.39,0.03,0.10,0.06,0.03,11.58,905.45,16.26,0.02,0.43,0.01,1.33,1.95,4.80,7.00,1.51,34.10,70.73,0.81,15.04,0.12,0.02,4.39,6.22,26.10,1.44,0.04,0.08,4.40,0.59,0.20,0.01,NaN,0.24,14.41,107.25,0.25,0.16,1.05,0.06,0.63,235.65,1.48,0.10,21.59,0.14,0.04,0.41,1.95,0.34,0.08,0.40,0.26,1.06,8.62,16.38,0.53,250.90,61.34,21.24,8.97,74.59,14.79,117.35,2.65,322.87,3.70,45.47,2.06,0.01,14.95,1.21,0.10,2.63,3.71,NaN,0.09,12.55,4.42,2.27,0.34,2.96,0.36,0.20,33.03,0.08,0.13,0.58,0.02,0.56,0.81,0.50,89.46,2.16,0.47,0.01,8.28,0.30,1.90,0.45,0.04,0.56,1.77,45.28,0.47,7.40,0.76,0.25,9.52,0.00,9.52,NaN,4.34,23.04,0.03,0.81,0.56,1.08,6.51,16.56,2.57,94.58,14.16,8.41,1.19,102.20,3.05,0.59,34.66,453.38,0.17,0.00,0.09,0.04,0.01,64.43,0.95,10.60,0.05,0.08,12.85,11.50,3.93,0.04,0.00,96.39,65.92,1.58,0.03,0.02,0.04,1.26,0.60,0.12,13.84,10.70,12.00,48.62,0.67,45.70,NaN,0.26,0.03,5.72,4.29,46.90,9.44,0.00,0.27,121.61,19.26,152,1,1406,1,28,0,36,8,NaN,0,3,1,4,3629,2552,3257,2924,1090,211,2021,32,1722,296,1621,92,187,171,46,6398,,,,,,,,,,,,,,,,,,,,,,,,,,,,,,,
1996,0.33,0.55,26.33,0.12,2.86,NaN,0.09,35.24,0.71,0.49,89.79,17.19,8.59,0.46,4.26,6.55,0.23,16.41,32.62,0.08,0.35,0.13,0.08,1.65,0.86,77.66,0.02,1.53,15.42,0.19,0.09,0.44,127.59,0.04,0.11,0.06,0.03,13.23,944.39,16.51,0.02,0.47,0.01,1.30,2.29,5.05,7.35,1.57,34.86,70.00,0.89,18.71,0.12,0.02,4.79,6.52,27.82,1.34,0.03,0.10,4.89,1.02,0.17,0.01,NaN,0.24,16.71,111.30,0.25,0.16,0.96,0.06,1.11,242.60,1.57,0.05,21.92,0.14,0.04,0.42,1.81,0.35,0.08,0.42,0.30,1.08,8.01,17.10,0.60,273.31,69.07,18.95,9.71,75.46,14.84,117.87,2.78,328.77,3.87,38.37,2.54,0.01,13.68,1.52,0.14,2.59,3.76,NaN,0.09,12.04,4.29,2.30,0.39,3.20,0.39,0.19,34.19,0.09,0.13,0.61,0.02,0.56,0.82,0.53,92.94,2.19,0.55,0.01,8.51,0.28,1.98,0.48,0.03,0.68,1.67,48.84,0.48,7.85,0.78,0.28,11.02,0.00,9.05,NaN,4.12,25.76,0.03,1.26,0.59,1.02,6.64,16.95,2.38,97.85,13.84,8.68,1.26,110.10,3.14,0.61,34.55,445.03,0.17,0.00,0.09,0.04,0.01,70.56,1.02,12.40,0.05,0.09,15.08,11.30,4.08,0.04,NaN,97.80,63.66,1.90,0.03,0.02,0.04,1.16,0.58,0.09,15.74,10.89,12.07,50.96,0.77,50.99,NaN,0.29,0.03,5.94,4.57,51.32,8.55,0.00,0.30,112.45,11.20,156,1,1442,1,28,0,33,9,NaN,0,4,1,4,3694,2660,3357,2997,1123,217,2112,33,1739,297,1662,99,195,185,3,6542,,,,,,,,,,,,,,,,,,,,,,,,,,,,,,,
1997,0.30,0.42,24.05,0.13,2.01,0.01,0.09,36.73,0.89,0.51,90.98,17.43,8.13,0.37,4.72,6.84,0.25,16.23,31.71,0.11,0.33,0.13,0.11,3.98,0.88,81.96,0.02,1.59,14.08,0.22,0.09,0.42,131.78,0.04,0.11,0.07,0.03,15.32,946.14,17.70,0.02,0.64,0.01,1.36,2.23,5.26,6.71,1.61,35.24,64.00,0.80,15.56,0.12,0.02,4.97,4.98,29.51,1.57,0.08,0.14,4.79,1.17,0.17,0.01,0.02,0.20,16.36,103.49,0.25,0.16,0.97,0.06,1.21,235.15,1.74,0.03,23.06,0.14,0.05,0.42,2.07,0.35,0.07,0.44,0.39,1.13,8.41,16.86,0.57,284.69,75.99,18.63,9.96,73.62,17.29,119.08,2.90,327.69,3.93,35.34,2.25,0.01,14.98,1.50,0.17,2.28,4.27,NaN,0.10,12.27,4.18,2.17,0.41,2.90,0.46,0.21,34.04,0.10,0.14,0.69,0.02,0.56,0.82,0.55,97.73,2.10,0.59,0.01,8.69,0.31,2.05,0.49,0.03,0.76,1.74,46.74,0.50,8.45,0.86,0.28,10.96,0.00,9.31,0.11,4.22,25.83,0.03,1.54,0.70,1.14,7.47,19.41,2.68,95.73,14.52,9.90,0.88,117.26,1.94,0.64,31.21,425.21,0.18,0.00,0.09,0.04,0.01,58.97,0.89,13.33,0.11,0.09,18.88,11.08,4.33,0.04,NaN,101.26,68.77,2.05,0.03,0.01,0.04,1.48,0.58,0.33,14.14,11.31,11.17,54.79,0.59,52.66,NaN,0.27,0.03,5.24,4.62,54.14,8.22,0.00,0.31,93.05,11.36,149,1,1478,2,28,0,37,12,NaN,0,4,1,4,3668,2708,3395,2982,1094,220,2143,33,1673,292,1708,101,207,190,84,6651,,,,,,,,,,,,,,,,,,,,,,,,,,,,,,,
1998,0.29,0.48,29.20,0.13,1.99,0.01,0.09,37.54,0.93,0.46,94.60,17.88,8.64,0.46,5.02,6.56,0.31,15.71,32.50,0.10,0.33,0.13,0.11,5.13,1.05,85.16,0.02,1.63,13.36,0.24,0.08,0.53,141.05,0.04,0.12,0.07,0.03,15.74,906.56,17.99,0.02,0.21,0.01,1.45,1.89,5.57,6.67,1.74,33.50,17.71,0.69,15.29,0.11,0.02,5.10,6.06,33.34,1.59,0.05,0.16,4.50,1.37,0.18,0.01,0.02,0.19,15.54,111.56,0.23,0.16,0.45,0.06,1.35,233.26,1.75,0.09,23.95,0.15,0.05,0.42,2.39,0.34,0.05,0.45,0.34,1.27,10.70,16.57,0.57,292.31,57.33,19.74,10.42,84.33,17.12,121.44,2.65,316.08,3.97,34.11,2.74,0.01,14.11,1.59,0.20,2.20,4.41,NaN,0.11,12.40,4.42,2.01,0.43,3.44,0.47,0.23,31.14,0.09,0.14,0.59,0.02,0.57,0.30,0.60,101.83,2.10,0.62,0.01,8.74,0.31,2.20,0.52,0.03,0.61,0.08,45.93,0.49,8.17,0.93,0.29,10.96,0.00,9.95,0.16,4.52,26.63,0.03,1.62,0.77,1.23,7.58,18.88,2.82,89.16,15.83,8.84,0.88,99.49,1.71,0.69,27.88,416.35,0.18,0.00,0.08,0.04,0.01,56.64,0.94,14.02,0.12,0.08,15.62,11.33,4.14,0.04,NaN,101.51,71.33,2.12,0.03,0.02,0.05,1.28,0.59,0.33,14.45,11.41,13.71,54.10,0.68,46.65,NaN,0.32,0.03,5.27,4.91,54.71,7.22,0.00,0.37,89.62,22.22,149,1,1488,2,32,0,46,13,NaN,0,3,1,4,3668,2637,3398,2908,1095,228,2010,32,1664,313,1731,104,223,202,135,6643,,,,,,,,,,,,,,,,,,,,,,,,,,,,,,,
1999,0.23,0.81,25.12,0.14,2.50,0.01,0.10,39.68,0.83,0.46,88.77,17.40,7.79,0.46,4.91,6.88,0.33,15.22,31.59,0.16,0.43,0.14,0.11,4.93,0.97,87.31,0.02,1.25,11.99,0.25,0.08,0.52,140.56,0.05,0.12,0.07,0.03,16.60,904.84,15.41,0.02,0.22,0.01,1.51,1.71,5.59,6.89,1.77,30.67,19.39,0.61,13.89,0.12,0.02,5.15,5.80,34.20,1.55,0.13,0.17,4.17,1.38,0.18,0.01,0.03,0.22,15.11,101.26,0.18,0.16,0.39,0.07,1.19,224.29,1.79,0.09,23.63,0.15,0.05,0.43,2.44,0.35,0.05,0.46,0.36,1.29,11.66,16.46,0.56,312.08,65.99,19.71,10.96,104.37,16.95,120.03,2.67,326.71,3.97,31.77,2.77,0.01,14.73,1.24,0.26,1.86,4.53,NaN,0.11,12.17,3.73,2.10,0.42,3.20,0.53,0.27,29.43,0.13,0.15,0.64,0.02,0.57,0.33,0.67,104.13,2.06,0.43,0.01,9.04,0.32,2.45,0.45,0.03,0.88,0.58,44.46,0.56,8.92,0.99,0.29,12.21,0.00,11.19,0.18,5.65,27.38,0.03,1.55,0.67,1.23,8.01,18.86,2.81,86.48,17.64,8.57,0.84,109.04,1.23,0.65,24.45,419.64,0.18,0.00,0.09,0.04,0.01,61.76,1.01,9.67,0.14,0.08,13.65,11.08,4.15,0.05,NaN,101.18,77.01,2.33,0.03,0.02,0.05,1.39,0.59,0.34,13.94,11.10,14.28,56.08,0.69,49.85,NaN,0.42,0.04,6.22,5.00,53.66,9.48,0.00,0.38,90.69,21.37,146,1,1509,2,32,0,47,13,NaN,0,4,0,4,3667,2705,3409,2963,1062,227,2061,34,1631,338,1753,99,227,216,22,6610,,,,,,,,,,,,,,,,,,,,,,,,,,,,,,,
2000,0.21,0.82,23.98,0.14,2.60,0.01,0.09,38.47,0.95,0.61,89.88,17.37,8.05,0.46,5.08,7.60,0.32,14.58,31.55,0.19,0.44,0.14,0.11,6.33,1.17,89.44,0.02,1.78,11.87,0.28,0.08,0.54,145.76,0.05,0.12,0.07,0.05,16.01,928.60,15.80,0.02,0.29,0.01,1.49,1.85,5.36,7.10,1.87,33.99,20.92,0.45,12.89,0.11,0.03,5.49,5.71,38.54,1.57,0.12,0.17,4.14,1.59,0.19,0.01,0.04,0.24,14.22,99.69,0.16,0.17,0.29,0.08,1.24,226.34,1.72,0.09,24.98,0.15,0.05,0.57,2.70,0.35,0.04,0.44,0.37,1.37,11.04,15.61,0.59,323.61,71.84,19.76,11.28,101.64,17.10,123.11,2.81,332.59,4.23,34.84,2.84,0.01,15.05,1.24,0.27,1.70,4.19,NaN,0.12,12.85,3.33,2.25,0.45,3.29,0.51,0.25,34.53,0.14,0.15,0.56,0.02,0.58,0.34,0.76,104.04,2.05,0.48,0.02,9.25,0.37,2.75,0.45,0.03,0.88,1.53,45.10,0.63,8.97,1.03,0.22,21.59,0.00,10.58,0.22,5.97,29.03,0.03,1.58,0.73,1.01,8.26,19.99,2.79,82.27,17.17,9.47,0.94,122.05,0.96,0.83,24.54,424.90,0.19,0.00,0.09,0.04,0.01,80.98,1.07,10.74,0.15,0.12,13.36,10.18,3.89,0.05,0.14,100.52,80.29,2.77,0.03,0.02,0.04,1.51,0.58,0.32,13.58,10.65,13.92,59.36,0.61,51.37,NaN,0.37,0.03,6.69,5.43,58.94,9.64,0.00,0.42,87.48,30.70,148,1,1558,1,33,0,42,15,NaN,0,4,0,4,3734,2827,3493,3068,1067,241,2142,37,1639,371,1808,100,222,222,-18,6765,,,,,,,,,,,,,,,,,,,,,,,,,,,,,,,
2001,0.18,0.88,22.99,0.14,2.65,0.01,0.09,36.17,0.97,0.61,88.59,17.92,7.85,0.43,3.80,8.85,0.33,14.34,31.30,0.19,0.47,0.14,0.11,5.65,1.18,92.02,0.02,1.69,12.67,0.27,0.06,0.61,143.36,0.06,0.12,0.07,0.05,14.39,951.07,15.35,0.02,0.24,0.01,1.57,2.11,5.65,6.94,1.87,33.93,21.67,0.43,13.37,0.11,0.03,5.52,6.39,34.21,1.62,0.84,0.17,4.25,1.18,0.22,0.01,0.05,0.30,15.39,105.22,0.17,0.20,0.49,0.08,1.03,232.80,1.89,0.09,25.58,0.15,0.05,0.57,2.90,0.35,0.04,0.44,0.43,1.56,10.36,15.55,0.57,328.29,80.42,23.27,12.04,108.76,17.93,122.81,2.90,327.86,4.36,40.34,2.56,0.01,15.03,1.03,0.25,1.87,4.42,NaN,0.14,13.12,3.52,2.40,0.46,3.27,0.48,0.25,37.28,0.16,0.15,0.68,0.02,0.58,0.37,0.81,107.66,2.15,0.51,0.02,10.29,0.43,2.38,0.55,0.03,0.94,1.56,45.62,0.52,9.41,1.08,0.21,22.73,0.00,11.21,0.37,5.53,29.53,0.05,1.91,0.88,1.04,7.41,19.38,2.68,82.58,17.14,8.28,0.93,122.77,1.01,0.87,26.09,424.87,0.19,0.00,0.10,0.04,0.01,81.05,1.18,11.55,0.18,0.16,13.51,10.73,4.14,0.05,0.14,98.92,81.22,2.79,0.05,0.02,0.05,1.74,0.62,0.31,13.94,11.72,13.30,61.88,0.63,55.12,NaN,0.32,0.04,6.82,5.68,53.05,10.71,0.00,0.44,87.72,27.66,150,1,1528,1,33,0,47,17,0,0,4,1,3,3721,2887,3474,3134,1090,238,2193,38,1664,371,1779,99,225,212,107,6927,,,,,,,,,,,,,,,,,,,,,,,,,,,,,,,
2002,0.10,1.02,24.78,0.15,3.45,0.01,0.10,33.62,0.83,0.62,92.99,18.32,8.08,0.43,4.28,9.19,0.34,14.29,29.32,0.10,0.56,0.14,0.11,6.25,1.22,90.61,0.02,1.45,12.17,0.27,0.06,0.60,141.58,0.07,0.13,0.07,0.05,15.10,1007.43,15.18,0.03,0.19,0.01,1.73,1.99,5.97,7.12,1.92,32.78,20.76,0.42,13.44,0.11,0.03,5.86,6.73,34.69,1.65,1.36,0.17,4.07,1.22,0.21,0.01,0.04,0.23,16.66,103.86,0.15,0.20,0.49,0.09,0.92,226.01,2.03,0.09,25.54,0.15,0.06,0.55,3.03,0.36,0.04,0.43,0.50,1.66,10.08,15.30,0.59,334.55,83.65,23.80,11.93,109.68,17.22,123.43,2.81,331.81,4.61,41.44,2.17,0.01,14.39,1.32,0.32,1.81,4.37,NaN,0.14,13.04,3.60,2.57,0.42,2.98,0.34,0.24,36.85,0.19,0.15,0.63,0.02,0.57,0.39,0.81,106.70,2.26,0.55,0.02,10.43,0.43,2.51,0.48,0.03,0.74,1.50,47.00,0.66,9.05,1.10,0.22,26.76,0.00,10.21,0.32,6.95,31.11,0.05,1.60,0.96,1.06,7.41,19.45,2.61,80.97,18.22,7.77,0.93,126.98,1.09,0.86,25.14,424.78,0.19,0.00,0.09,0.04,0.02,89.01,1.24,12.34,0.15,0.17,12.88,10.70,4.21,0.05,0.16,94.82,85.77,3.00,0.05,0.02,0.05,2.21,0.61,0.31,15.66,11.10,10.65,64.86,0.51,58.90,0.04,0.34,0.04,7.33,5.73,56.09,10.98,0.03,0.46,86.91,23.10,145,1,1541,1,35,0,53,19,0,0,4,1,3,3730,2982,3491,3220,1082,242,2279,39,1655,377,1789,103,227,222,62,6996,,,,,,,,,,,,,,,,,,,,,,,,,,,,,,,
2003,0.16,1.17,25.23,0.15,2.47,0.01,0.11,36.30,0.94,0.62,94.49,19.72,8.35,0.41,4.49,9.24,0.35,14.65,31.32,0.10,0.63,0.14,0.10,6.34,1.16,87.71,0.02,1.46,12.90,0.29,0.05,0.65,150.86,0.07,0.13,0.06,0.10,15.02,1234.03,15.66,0.03,0.30,0.01,1.81,1.49,6.42,6.95,2.11,33.37,21.21,0.46,15.20,0.11,0.03,5.97,7.23,40.35,1.79,1.64,0.20,4.65,1.35,0.21,0.01,0.04,0.24,18.79,105.70,0.20,0.22,0.36,0.09,1.03,227.27,2.08,0.10,26.11,0.15,0.06,0.56,2.86,0.37,0.05,0.43,0.47,1.85,10.93,16.11,0.59,349.58,86.39,24.85,11.82,114.22,17.76,127.72,2.92,337.45,4.76,41.95,1.84,0.01,16.81,1.45,0.31,1.93,4.97,NaN,0.15,13.41,3.52,2.70,0.42,3.08,0.46,0.26,43.71,0.16,0.15,0.70,0.02,0.62,0.40,0.86,110.62,2.19,0.59,0.02,10.24,0.52,2.69,0.51,0.03,0.81,1.50,47.73,0.75,9.26,1.20,0.24,25.40,0.00,11.62,0.35,8.83,32.42,0.05,1.68,1.08,1.11,7.19,19.51,3.85,83.14,16.71,9.86,1.04,127.14,1.17,0.85,26.16,437.68,0.19,0.00,0.10,0.04,0.02,89.25,1.37,13.20,0.15,0.18,8.49,10.77,4.23,0.05,0.16,103.85,87.56,2.91,0.06,0.02,0.05,2.47,0.61,0.28,14.94,10.96,14.80,67.24,0.57,63.32,0.04,0.40,0.05,7.55,5.84,59.59,11.51,0.03,0.47,96.06,29.14,147,1,1549,1,33,0,52,21,0,0,5,1,3,3802,3291,3548,3546,1107,255,2544,40,1704,404,1811,105,229,224,98,7416,,,,,,,,,,,,,,,,,,,,,,,,,,,,,,,
2004,0.20,1.14,24.41,0.15,5.13,0.01,0.11,42.59,0.99,0.62,95.11,19.60,8.75,0.47,4.78,10.84,0.35,15.83,30.35,0.10,0.69,0.18,0.08,6.71,1.19,92.13,0.02,1.46,12.76,0.30,0.05,0.67,150.63,0.07,0.14,0.06,0.10,16.38,1442.10,15.02,0.03,0.32,0.02,1.89,2.09,6.29,6.82,2.00,33.46,21.68,0.53,13.80,0.13,0.03,5.12,7.82,41.15,1.74,1.42,0.21,4.70,1.43,0.22,0.01,0.04,0.31,18.30,106.38,0.19,0.22,0.48,0.09,1.18,225.22,2.00,0.10,26.49,0.16,0.06,0.50,3.17,0.37,0.06,0.44,0.54,2.01,10.48,15.64,0.61,367.75,92.07,31.11,11.99,122.03,17.24,128.93,2.92,343.51,5.25,46.95,2.08,0.01,17.33,1.55,0.39,1.95,4.59,NaN,0.17,13.73,3.64,3.07,0.47,3.05,0.49,0.27,45.63,0.21,0.15,0.70,0.02,0.66,0.45,0.87,112.01,2.33,0.64,0.02,11.81,0.52,3.39,0.54,0.02,0.76,1.58,48.24,0.70,9.48,1.21,0.26,26.47,0.00,11.64,0.51,7.63,35.89,0.05,1.58,1.22,1.12,8.70,20.20,3.57,83.17,17.23,12.11,1.08,131.52,1.24,0.86,26.02,437.13,0.19,0.00,0.10,0.04,0.02,107.95,1.44,14.42,0.20,0.18,7.77,10.57,4.29,0.05,0.16,116.48,92.56,3.26,0.06,0.02,0.05,3.10,0.63,0.28,14.87,11.02,13.94,71.07,0.70,68.82,0.05,0.38,0.05,8.45,6.12,61.47,11.82,0.03,0.51,93.57,30.88,147,1,1579,2,33,0,46,25,0,0,5,1,3,3839,3624,3596,3866,1110,276,2813,41,1707,442,1842,106,236,244,101,7807,,,,,,,,,,,,,,,,,,,,,,,,,,,,,,,
2005,0.28,1.16,29.21,0.16,5.22,0.01,0.11,43.89,1.19,0.62,98.91,20.25,9.36,0.44,5.24,10.24,0.37,16.11,29.60,0.11,0.65,0.12,0.11,6.99,1.26,94.71,0.02,1.40,13.07,0.31,0.04,0.76,153.55,0.08,0.14,0.06,0.11,16.83,1578.95,16.62,0.03,0.40,0.02,1.93,2.13,6.30,7.09,2.05,32.93,22.64,0.61,12.84,0.13,0.03,5.36,8.16,45.60,1.76,1.29,0.21,4.58,1.38,0.21,0.01,0.03,0.37,14.90,106.92,0.18,0.23,0.57,0.09,1.38,219.99,1.90,0.11,26.91,0.17,0.06,0.47,3.40,0.32,0.06,0.39,0.57,2.06,11.06,15.79,0.60,384.82,93.26,31.30,11.87,127.99,16.43,129.09,2.90,337.66,5.73,48.25,2.34,0.02,19.51,1.43,0.39,1.96,4.43,NaN,0.20,14.21,3.82,3.15,0.50,3.08,0.48,0.25,48.37,0.19,0.16,0.74,0.02,0.68,0.46,0.93,118.64,2.36,0.61,0.02,12.48,0.50,3.17,0.63,0.02,0.88,1.56,46.97,0.77,9.25,1.18,0.23,28.55,0.00,11.57,0.75,8.15,37.26,0.05,1.87,1.26,1.05,10.13,20.41,3.36,82.79,17.81,14.15,1.01,126.24,1.34,0.98,26.09,440.60,0.14,0.00,0.10,0.04,0.02,108.44,1.60,13.65,0.19,0.15,8.28,10.68,4.33,0.05,0.16,108.02,96.39,3.18,0.06,0.02,0.05,2.92,0.65,0.28,14.06,11.28,13.81,70.74,0.67,69.86,0.05,0.37,0.04,7.79,6.22,64.73,12.37,0.03,0.62,91.05,31.67,148,2,1589,2,31,0,50,27,0,0,5,1,3,3844,3822,3604,4062,1104,281,2966,41,1702,458,1861,110,247,255,172,8093,,,,,,,,,,,,,,,,,,,,,,,,,,,,,,,
2006,0.37,1.05,28.35,0.15,6.07,0.01,0.12,47.52,1.20,0.62,101.23,19.52,10.68,0.42,5.32,13.13,0.37,16.86,29.13,0.11,1.06,0.14,0.11,7.41,1.27,94.81,0.03,1.32,13.35,0.37,0.05,0.82,150.05,0.08,0.14,0.06,0.11,17.56,1749.24,17.16,0.03,0.37,0.02,2.03,1.91,6.32,7.47,2.12,33.48,23.06,0.66,15.00,0.13,0.03,5.64,8.10,48.71,1.87,1.30,0.15,4.42,1.48,0.21,0.02,0.03,0.37,18.05,104.33,0.16,0.23,0.54,0.09,1.68,220.58,2.53,0.11,26.53,0.17,0.06,0.47,3.42,0.32,0.06,0.35,0.58,1.91,10.51,15.61,0.62,410.24,94.12,27.15,11.85,139.05,17.99,127.99,3.28,335.78,5.65,52.50,2.61,0.02,20.12,1.40,0.43,2.07,3.95,NaN,0.21,14.67,3.90,3.10,0.45,2.98,0.46,0.26,46.54,0.24,0.16,0.70,0.03,0.65,0.46,1.03,120.48,2.59,0.65,0.02,12.93,0.54,3.44,0.64,0.02,0.73,1.51,45.60,0.76,9.15,1.22,0.22,26.87,0.00,12.07,0.62,10.80,39.84,0.06,2.01,1.25,1.09,9.56,18.46,4.07,87.27,16.12,15.47,1.04,128.39,1.36,1.02,27.98,455.31,0.14,0.00,0.10,0.04,0.02,118.01,1.31,14.66,0.20,0.20,8.40,10.62,4.43,0.05,0.16,115.86,95.46,3.20,0.06,0.02,0.06,3.14,0.67,0.28,13.52,11.42,14.61,72.84,0.72,71.23,0.05,0.33,0.05,8.77,6.31,71.33,12.61,0.04,0.72,89.03,33.78,148,2,1565,2,32,0,47,28,0,0,6,1,3,3833,4087,3591,4329,1107,293,3177,43,1721,490,1835,112,250,268,182,8370,,,,,,,,,,,,,,,,,,,,,,,,,,,,,,,
2007,0.54,1.11,30.64,0.15,6.86,0.02,0.12,49.20,1.38,0.64,102.87,18.86,11.30,0.42,6.11,13.22,0.39,16.44,28.15,0.12,1.23,0.14,0.11,7.60,1.28,99.05,0.03,2.78,14.40,0.45,0.05,0.95,152.93,0.09,0.17,0.06,0.13,19.40,1852.14,17.30,0.03,0.39,0.02,2.34,1.88,6.65,7.29,2.24,33.80,19.19,0.71,13.70,0.13,0.04,5.84,8.39,52.46,1.88,1.31,0.16,5.14,1.61,0.21,0.02,0.03,0.33,17.45,102.50,0.19,0.23,0.64,0.11,1.69,213.80,2.61,0.11,26.79,0.17,0.07,0.48,3.45,0.33,0.06,0.43,0.65,2.39,10.90,15.23,0.63,439.43,102.41,17.14,12.16,147.20,18.11,126.17,3.68,341.19,5.87,60.08,2.68,0.01,20.52,1.60,0.46,2.16,4.08,0.00,0.19,14.78,4.13,2.96,0.38,3.10,0.50,0.26,55.99,0.25,0.16,0.74,0.03,0.59,0.52,1.06,124.31,2.75,0.61,0.02,13.71,0.65,3.45,0.66,0.02,0.74,1.71,46.84,0.80,9.18,1.25,0.22,25.96,0.00,12.30,0.63,12.16,43.33,0.06,1.94,1.34,1.13,11.78,19.00,3.48,86.08,16.60,18.34,1.59,135.22,1.28,1.09,27.53,454.76,0.15,0.00,0.11,0.04,0.02,107.32,1.46,14.25,0.18,0.17,4.87,9.98,4.42,0.05,0.17,120.98,97.69,3.40,0.07,0.02,0.06,3.42,0.67,0.29,13.11,10.37,15.66,74.58,0.88,71.50,0.05,0.36,0.04,12.67,6.51,77.63,14.59,0.04,0.85,89.34,38.02,144,2,1590,2,32,0,48,31,0,0,6,0,3,3854,4298,3629,4522,1094,307,3355,49,1706,495,1867,114,261,280,134,8566,,,,,,,,,,,,,,,,,,,,,,,,,,,,,,,
2008,1.07,1.13,31.26,0.15,7.25,0.02,0.13,51.83,1.52,0.62,105.71,18.62,12.46,0.29,6.63,12.66,0.45,17.13,28.33,0.11,1.23,0.11,0.12,8.45,1.36,105.72,0.03,2.89,13.85,0.46,0.07,1.08,148.62,0.08,0.17,0.06,0.14,19.42,1918.58,18.12,0.03,0.40,0.02,2.36,1.87,6.37,8.30,2.33,31.91,21.29,0.77,12.81,0.14,0.04,5.73,8.09,53.67,1.79,1.23,0.11,4.77,1.74,0.20,0.02,0.03,0.29,15.43,101.60,0.19,0.24,0.43,0.11,1.70,213.62,2.33,0.11,26.67,0.17,0.07,0.47,3.12,0.33,0.06,0.43,0.66,2.37,10.52,14.91,0.58,493.94,112.46,25.76,11.73,155.60,19.35,121.95,3.26,329.13,5.66,62.84,2.79,0.02,21.81,1.55,0.48,2.07,4.54,0.01,0.16,16.47,4.12,2.94,0.33,3.23,0.53,0.32,58.15,0.28,0.16,0.70,0.03,0.58,0.55,1.08,128.56,2.74,0.75,0.02,13.62,0.64,2.46,0.98,0.02,0.83,1.64,47.41,0.90,9.34,1.20,0.25,25.26,0.00,13.72,0.56,11.20,42.73,0.06,2.07,0.95,1.19,11.26,20.71,3.76,86.21,15.91,18.54,1.51,138.55,1.30,1.11,25.81,467.86,0.15,0.00,0.11,0.04,0.02,114.06,1.48,14.15,0.19,0.18,5.36,10.24,4.69,0.05,0.17,126.81,89.80,3.24,0.07,0.02,0.06,3.43,0.67,0.30,13.39,11.02,18.46,70.22,0.83,71.40,0.05,0.40,0.04,11.60,6.82,77.80,15.02,0.04,0.86,88.21,43.34,142,2,1543,2,33,0,51,35,0,0,6,1,2,3784,4503,3560,4728,1071,316,3486,47,1699,529,1820,117,274,280,215,8783,,,,,,,,,,,,,,,,,,,,,,,,,,,,,,,
2009,1.78,1.06,33.98,0.14,7.59,0.02,0.14,48.99,1.19,0.63,107.74,16.98,11.63,0.45,6.59,14.27,0.44,16.44,28.41,0.11,1.30,0.13,0.11,8.34,1.20,100.12,0.03,2.48,11.67,0.45,0.05,1.11,140.15,0.09,0.16,0.06,0.12,18.34,2097.69,19.32,0.03,0.51,0.02,2.13,1.60,5.88,8.15,2.22,29.49,20.37,0.74,12.14,0.15,0.04,5.54,8.31,53.96,1.77,1.26,0.14,4.02,1.82,0.18,0.02,0.03,0.23,14.50,97.33,0.19,0.24,0.02,0.12,1.65,199.69,2.03,0.12,25.88,0.15,0.07,0.47,3.23,0.34,0.06,0.42,0.62,2.15,10.09,13.27,0.56,540.57,123.56,29.08,11.08,157.48,18.28,109.52,2.34,300.15,5.80,58.38,3.37,0.01,22.33,1.77,0.49,1.86,5.70,0.01,0.14,18.46,3.43,2.80,0.36,3.11,0.50,0.29,55.60,0.29,0.17,0.68,0.03,0.62,0.60,1.05,121.69,3.01,0.50,0.02,13.51,0.70,2.83,0.87,0.02,0.96,1.68,46.26,0.78,8.82,1.23,0.30,19.56,0.00,12.84,0.57,10.98,43.06,0.06,2.36,0.91,1.23,12.91,20.39,3.93,81.48,15.66,18.03,1.82,138.91,1.24,1.16,21.90,429.33,0.16,0.00,0.11,0.04,0.03,117.54,1.60,12.58,0.21,0.18,6.75,9.24,4.18,0.05,0.16,137.43,78.60,3.50,0.07,0.02,0.06,3.83,0.67,0.28,11.93,11.34,16.94,66.04,0.79,75.43,0.05,0.41,0.05,13.14,6.77,75.77,13.23,0.04,0.92,71.40,44.34,130,2,1449,2,32,0,51,38,0,0,6,1,2,3518,4737,3345,4909,990,327,3689,48,1559,536,1711,118,267,269,217,8740,,,,,,,,,,,,,,,,,,,,,,,,,,,,,,,
2010,2.25,1.17,33.67,0.14,8.30,0.02,0.14,49.23,1.15,0.63,101.74,18.24,12.47,0.67,6.60,15.31,0.41,16.97,29.71,0.12,1.42,0.13,0.13,8.49,1.43,114.47,0.03,2.50,12.18,0.46,0.08,1.14,136.12,0.10,0.16,0.07,0.13,19.71,2259.86,20.64,0.04,0.55,0.02,2.12,1.58,5.70,10.46,2.10,30.48,19.53,0.83,12.63,0.15,0.04,5.72,8.90,55.84,1.70,1.28,0.14,5.00,1.77,0.19,0.02,0.03,0.35,16.87,98.52,0.19,0.24,0.70,0.13,1.70,203.27,2.45,0.13,23.65,0.17,0.07,0.47,3.03,0.34,0.07,0.46,0.58,2.21,9.90,13.79,0.54,547.81,118.35,31.27,10.91,155.88,19.27,110.80,1.95,319.26,5.68,67.83,3.39,0.02,25.55,1.75,0.51,2.08,5.56,0.01,0.22,16.10,3.70,2.95,0.28,2.97,0.55,0.34,59.12,0.29,0.17,0.71,0.03,0.62,0.60,1.12,120.99,3.14,0.70,0.02,13.80,0.79,2.45,0.87,0.02,1.02,1.29,49.65,1.07,8.60,1.24,0.39,21.52,0.00,15.60,0.65,15.60,44.01,0.06,2.63,0.86,1.38,15.70,22.25,4.22,86.52,14.28,19.23,1.97,154.78,1.32,1.19,21.47,474.71,0.16,0.00,0.11,0.04,0.03,126.67,1.93,12.53,0.19,0.19,3.69,9.84,4.18,0.06,0.17,125.48,73.54,3.47,0.07,0.02,0.06,3.87,0.65,0.28,14.32,10.57,16.87,71.05,0.78,80.52,0.05,0.42,0.04,13.82,7.06,81.27,14.47,0.04,1.03,83.12,45.70,135,2,1482,2,28,0,55,41,0,0,6,1,3,3641,4990,3434,5197,1012,320,3913,51,1641,562,1739,112,292,291,246,9167,,,,,,,,,,,,,,,,,,,,,,,,,,,,,,,
2011,2.39,1.18,34.96,0.14,8.14,0.02,0.14,51.99,1.18,0.64,103.41,17.45,13.52,0.68,6.49,16.47,0.42,16.68,27.90,0.12,1.38,0.13,0.14,8.98,1.41,118.48,0.03,2.70,13.65,0.44,0.08,1.22,138.71,0.09,0.16,0.07,0.12,22.68,2480.04,21.53,0.04,0.54,0.02,2.14,1.56,5.83,10.69,2.11,29.86,20.15,0.82,11.29,0.14,0.04,5.88,9.12,55.99,1.72,1.27,0.13,5.31,1.75,0.19,0.02,0.03,0.38,14.53,92.53,0.19,0.26,0.68,0.12,1.75,196.17,2.39,0.13,23.47,0.17,0.07,0.48,3.06,0.32,0.06,0.47,0.58,2.23,10.71,13.40,0.54,567.32,128.90,31.91,9.93,159.61,19.75,108.12,1.97,320.14,5.79,76.26,3.33,0.02,25.80,1.79,0.53,2.13,5.49,0.00,0.21,15.77,3.79,2.99,0.30,3.11,0.53,0.33,58.29,0.32,0.16,0.71,0.03,0.63,0.59,1.11,124.80,3.27,0.73,0.02,13.69,0.77,2.65,0.84,0.02,1.09,1.30,46.50,1.13,8.34,1.25,0.38,21.26,0.00,15.70,0.67,15.49,43.75,0.06,2.65,0.92,1.40,16.66,22.61,4.64,86.61,14.36,21.02,1.92,164.91,1.35,1.18,23.48,492.85,0.16,0.00,0.11,0.05,0.03,130.25,1.91,13.16,0.18,0.18,3.84,9.55,4.31,0.06,0.16,124.51,76.01,3.71,0.07,0.02,0.06,3.72,0.66,0.27,13.38,10.08,17.10,71.78,0.80,84.70,0.05,0.42,0.05,13.56,7.03,86.52,15.75,0.04,1.00,87.87,46.23,125,2,1450,2,31,0,55,43,0,0,6,1,3,3616,5306,3405,5517,980,319,4198,51,1633,578,1714,125,305,291,246,9460,,,,,,,,,,,,,,,,,,,,,,,,,,,,,,,
2012,2.43,1.18,37.67,0.14,8.41,0.02,0.14,53.55,1.20,0.64,101.15,16.31,13.90,0.68,6.73,17.71,0.42,16.91,27.05,0.12,1.45,0.13,0.14,8.87,1.47,122.08,0.03,2.74,12.41,0.47,0.09,1.24,137.82,0.10,0.16,0.07,0.13,24.78,2625.73,21.98,0.04,0.57,0.02,2.15,1.68,5.85,10.87,2.11,28.29,20.51,0.85,10.01,0.15,0.04,6.02,9.51,58.65,1.73,1.36,0.14,5.25,1.83,0.19,0.02,0.03,0.38,13.06,93.71,0.19,0.26,0.72,0.13,1.75,199.72,2.52,0.13,22.29,0.18,0.07,0.48,3.08,0.34,0.07,0.47,0.59,2.24,10.48,12.68,0.54,611.23,129.99,33.33,9.89,164.50,20.93,102.37,1.98,342.27,6.05,79.62,3.49,0.02,26.36,1.78,0.54,2.14,5.75,0.01,0.22,16.68,3.72,3.01,0.31,3.08,0.56,0.35,58.95,0.32,0.17,0.71,0.03,0.63,0.62,1.15,129.94,3.32,0.73,0.02,14.27,0.81,2.68,0.88,0.03,1.11,1.31,45.42,1.15,8.85,1.26,0.39,22.15,0.00,15.84,0.70,16.09,44.05,0.06,2.66,0.94,1.40,17.81,23.62,5.03,83.89,14.37,24.66,2.03,166.68,1.36,1.23,22.21,491.84,0.16,0.00,0.11,0.05,0.03,137.88,1.99,13.06,0.20,0.19,3.59,9.69,4.30,0.06,0.17,125.74,75.68,3.77,0.07,0.02,0.06,3.94,0.66,0.29,12.23,10.37,17.89,71.56,0.80,88.04,0.05,0.44,0.05,12.84,7.46,84.86,15.06,0.04,1.06,88.38,46.72,128,2,1397,2,30,0,57,45,0,0,6,1,3,3558,5558,3359,5757,967,331,4423,51,1619,599,1665,112,316,291,260,9667,,,,,,,,,,,,,,,,,,,,,,,,,,,,,,,
,,,,,,,,,,,,,,,,,,,,,,,,,,,,,,,,,,,,,,,,,,,,,,,,,,,,,,,,,,,,,,,,,,,,,,,,,,,,,,,,,,,,,,,,,,,,,,,,,,,,,,,,,,,,,,,,,,,,,,,,,,,,,,,,,,,,,,,,,,,,,,,,,,,,,,,,,,,,,,,,,,,,,,,,,,,,,,,,,,,,,,,,,,,,,,,,,,,,,,,,,,,,,,,,,,,,,,,,,,,,,,,,,,,,,,,,,,,,,,,,,,,,,,,,,,,,,,,,,,,,,,,
,,,,,,,,,,,,,,,,,,,,,,,,,,,,,,,,,,,,,,,,,,,,,,,,,,,,,,,,,,,,,,,,,,,,,,,,,,,,,,,,,,,,,,,,,,,,,,,,,,,,,,,,,,,,,,,,,,,,,,,,,,,,,,,,,,,,,,,,,,,,,,,,,,,,,,,,,,,,,,,,,,,,,,,,,,,,,,,,,,,,,,,,,,,,,,,,,,,,,,,,,,,,,,,,,,,,,,,,,,,,,,,,,,,,,,,,,,,,,,,,,,,,,,,,,,,,,,,,,,,,,,,
,,,,,,,,,,,,,,,,,,,,,,,,,,,,,,,,,,,,,,,,,,,,,,,,,,,,,,,,,,,,,,,,,,,,,,,,,,,,,,,,,,,,,,,,,,,,,,,,,,,,,,,,,,,,,,,,,,,,,,,,,,,,,,,,,,,,,,,,,,,,,,,,,,,,,,,,,,,,,,,,,,,,,,,,,,,,,,,,,,,,,,,,,,,,,,,,,,,,,,,,,,,,,,,,,,,,,,,,,,,,,,,,,,,,,,,,,,,,,,,,,,,,,,,,,,,,,,,,,,,,,,,
,,,,,,,,,,,,,,,,,,,,,,,,,,,,,,,,,,,,,,,,,,,,,,,,,,,,,,,,,,,,,,,,,,,,,,,,,,,,,,,,,,,,,,,,,,,,,,,,,,,,,,,,,,,,,,,,,,,,,,,,,,,,,,,,,,,,,,,,,,,,,,,,,,,,,,,,,,,,,,,,,,,,,,,,,,,,,,,,,,,,,,,,,,,,,,,,,,,,,,,,,,,,,,,,,,,,,,,,,,,,,,,,,,,,,,,,,,,,,,,,,,,,,,,,,,,,,,,,,,,,,,,
,,,,,,,,,,,,,,,,,,,,,,,,,,,,,,,,,,,,,,,,,,,,,,,,,,,,,,,,,,,,,,,,,,,,,,,,,,,,,,,,,,,,,,,,,,,,,,,,,,,,,,,,,,,,,,,,,,,,,,,,,,,,,,,,,,,,,,,,,,,,,,,,,,,,,,,,,,,,,,,,,,,,,,,,,,,,,,,,,,,,,,,,,,,,,,,,,,,,,,,,,,,,,,,,,,,,,,,,,,,,,,,,,,,,,,,,,,,,,,,,,,,,,,,,,,,,,,,,,,,,,,,
,,,,,,,,,,,,,,,,,,,,,,,,,,,,,,,,,,,,,,,,,,,,,,,,,,,,,,,,,,,,,,,,,,,,,,,,,,,,,,,,,,,,,,,,,,,,,,,,,,,,,,,,,,,,,,,,,,,,,,,,,,,,,,,,,,,,,,,,,,,,,,,,,,,,,,,,,,,,,,,,,,,,,,,,,,,,,,,,,,,,,,,,,,,,,,,,,,,,,,,,,,,,,,,,,,,,,,,,,,,,,,,,,,,,,,,,,,,,,,,,,,,,,,,,,,,,,,,,,,,,,,,
,,,,,,,,,,,,,,,,,,,,,,,,,,,,,,,,,,,,,,,,,,,,,,,,,,,,,,,,,,,,,,,,,,,,,,,,,,,,,,,,,,,,,,,,,,,,,,,,,,,,,,,,,,,,,,,,,,,,,,,,,,,,,,,,,,,,,,,,,,,,,,,,,,,,,,,,,,,,,,,,,,,,,,,,,,,,,,,,,,,,,,,,,,,,,,,,,,,,,,,,,,,,,,,,,,,,,,,,,,,,,,,,,,,,,,,,,,,,,,,,,,,,,,,,,,,,,,,,,,,,,,,
,,,,,,,,,,,,,,,,,,,,,,,,,,,,,,,,,,,,,,,,,,,,,,,,,,,,,,,,,,,,,,,,,,,,,,,,,,,,,,,,,,,,,,,,,,,,,,,,,,,,,,,,,,,,,,,,,,,,,,,,,,,,,,,,,,,,,,,,,,,,,,,,,,,,,,,,,,,,,,,,,,,,,,,,,,,,,,,,,,,,,,,,,,,,,,,,,,,,,,,,,,,,,,,,,,,,,,,,,,,,,,,,,,,,,,,,,,,,,,,,,,,,,,,,,,,,,,,,,,,,,,,
,,,,,,,,,,,,,,,,,,,,,,,,,,,,,,,,,,,,,,,,,,,,,,,,,,,,,,,,,,,,,,,,,,,,,,,,,,,,,,,,,,,,,,,,,,,,,,,,,,,,,,,,,,,,,,,,,,,,,,,,,,,,,,,,,,,,,,,,,,,,,,,,,,,,,,,,,,,,,,,,,,,,,,,,,,,,,,,,,,,,,,,,,,,,,,,,,,,,,,,,,,,,,,,,,,,,,,,,,,,,,,,,,,,,,,,,,,,,,,,,,,,,,,,,,,,,,,,,,,,,,,,
,,,,,,,,,,,,,,,,,,,,,,,,,,,,,,,,,,,,,,,,,,,,,,,,,,,,,,,,,,,,,,,,,,,,,,,,,,,,,,,,,,,,,,,,,,,,,,,,,,,,,,,,,,,,,,,,,,,,,,,,,,,,,,,,,,,,,,,,,,,,,,,,,,,,,,,,,,,,,,,,,,,,,,,,,,,,,,,,,,,,,,,,,,,,,,,,,,,,,,,,,,,,,,,,,,,,,,,,,,,,,,,,,,,,,,,,,,,,,,,,,,,,,,,,,,,,,,,,,,,,,,,
,,,,,,,,,,,,,,,,,,,,,,,,,,,,,,,,,,,,,,,,,,,,,,,,,,,,,,,,,,,,,,,,,,,,,,,,,,,,,,,,,,,,,,,,,,,,,,,,,,,,,,,,,,,,,,,,,,,,,,,,,,,,,,,,,,,,,,,,,,,,,,,,,,,,,,,,,,,,,,,,,,,,,,,,,,,,,,,,,,,,,,,,,,,,,,,,,,,,,,,,,,,,,,,,,,,,,,,,,,,,,,,,,,,,,,,,,,,,,,,,,,,,,,,,,,,,,,,,,,,,,,,
,,,,,,,,,,,,,,,,,,,,,,,,,,,,,,,,,,,,,,,,,,,,,,,,,,,,,,,,,,,,,,,,,,,,,,,,,,,,,,,,,,,,,,,,,,,,,,,,,,,,,,,,,,,,,,,,,,,,,,,,,,,,,,,,,,,,,,,,,,,,,,,,,,,,,,,,,,,,,,,,,,,,,,,,,,,,,,,,,,,,,,,,,,,,,,,,,,,,,,,,,,,,,,,,,,,,,,,,,,,,,,,,,,,,,,,,,,,,,,,,,,,,,,,,,,,,,,,,,,,,,,,
,,,,,,,,,,,,,,,,,,,,,,,,,,,,,,,,,,,,,,,,,,,,,,,,,,,,,,,,,,,,,,,,,,,,,,,,,,,,,,,,,,,,,,,,,,,,,,,,,,,,,,,,,,,,,,,,,,,,,,,,,,,,,,,,,,,,,,,,,,,,,,,,,,,,,,,,,,,,,,,,,,,,,,,,,,,,,,,,,,,,,,,,,,,,,,,,,,,,,,,,,,,,,,,,,,,,,,,,,,,,,,,,,,,,,,,,,,,,,,,,,,,,,,,,,,,,,,,,,,,,,,,
,,,,,,,,,,,,,,,,,,,,,,,,,,,,,,,,,,,,,,,,,,,,,,,,,,,,,,,,,,,,,,,,,,,,,,,,,,,,,,,,,,,,,,,,,,,,,,,,,,,,,,,,,,,,,,,,,,,,,,,,,,,,,,,,,,,,,,,,,,,,,,,,,,,,,,,,,,,,,,,,,,,,,,,,,,,,,,,,,,,,,,,,,,,,,,,,,,,,,,,,,,,,,,,,,,,,,,,,,,,,,,,,,,,,,,,,,,,,,,,,,,,,,,,,,,,,,,,,,,,,,,,
,,,,,,,,,,,,,,,,,,,,,,,,,,,,,,,,,,,,,,,,,,,,,,,,,,,,,,,,,,,,,,,,,,,,,,,,,,,,,,,,,,,,,,,,,,,,,,,,,,,,,,,,,,,,,,,,,,,,,,,,,,,,,,,,,,,,,,,,,,,,,,,,,,,,,,,,,,,,,,,,,,,,,,,,,,,,,,,,,,,,,,,,,,,,,,,,,,,,,,,,,,,,,,,,,,,,,,,,,,,,,,,,,,,,,,,,,,,,,,,,,,,,,,,,,,,,,,,,,,,,,,,
,,,,,,,,,,,,,,,,,,,,,,,,,,,,,,,,,,,,,,,,,,,,,,,,,,,,,,,,,,,,,,,,,,,,,,,,,,,,,,,,,,,,,,,,,,,,,,,,,,,,,,,,,,,,,,,,,,,,,,,,,,,,,,,,,,,,,,,,,,,,,,,,,,,,,,,,,,,,,,,,,,,,,,,,,,,,,,,,,,,,,,,,,,,,,,,,,,,,,,,,,,,,,,,,,,,,,,,,,,,,,,,,,,,,,,,,,,,,,,,,,,,,,,,,,,,,,,,,,,,,,,,
,,,,,,,,,,,,,,,,,,,,,,,,,,,,,,,,,,,,,,,,,,,,,,,,,,,,,,,,,,,,,,,,,,,,,,,,,,,,,,,,,,,,,,,,,,,,,,,,,,,,,,,,,,,,,,,,,,,,,,,,,,,,,,,,,,,,,,,,,,,,,,,,,,,,,,,,,,,,,,,,,,,,,,,,,,,,,,,,,,,,,,,,,,,,,,,,,,,,,,,,,,,,,,,,,,,,,,,,,,,,,,,,,,,,,,,,,,,,,,,,,,,,,,,,,,,,,,,,,,,,,,,
,,,,,,,,,,,,,,,,,,,,,,,,,,,,,,,,,,,,,,,,,,,,,,,,,,,,,,,,,,,,,,,,,,,,,,,,,,,,,,,,,,,,,,,,,,,,,,,,,,,,,,,,,,,,,,,,,,,,,,,,,,,,,,,,,,,,,,,,,,,,,,,,,,,,,,,,,,,,,,,,,,,,,,,,,,,,,,,,,,,,,,,,,,,,,,,,,,,,,,,,,,,,,,,,,,,,,,,,,,,,,,,,,,,,,,,,,,,,,,,,,,,,,,,,,,,,,,,,,,,,,,,
,,,,,,,,,,,,,,,,,,,,,,,,,,,,,,,,,,,,,,,,,,,,,,,,,,,,,,,,,,,,,,,,,,,,,,,,,,,,,,,,,,,,,,,,,,,,,,,,,,,,,,,,,,,,,,,,,,,,,,,,,,,,,,,,,,,,,,,,,,,,,,,,,,,,,,,,,,,,,,,,,,,,,,,,,,,,,,,,,,,,,,,,,,,,,,,,,,,,,,,,,,,,,,,,,,,,,,,,,,,,,,,,,,,,,,,,,,,,,,,,,,,,,,,,,,,,,,,,,,,,,,,
,,,,,,,,,,,,,,,,,,,,,,,,,,,,,,,,,,,,,,,,,,,,,,,,,,,,,,,,,,,,,,,,,,,,,,,,,,,,,,,,,,,,,,,,,,,,,,,,,,,,,,,,,,,,,,,,,,,,,,,,,,,,,,,,,,,,,,,,,,,,,,,,,,,,,,,,,,,,,,,,,,,,,,,,,,,,,,,,,,,,,,,,,,,,,,,,,,,,,,,,,,,,,,,,,,,,,,,,,,,,,,,,,,,,,,,,,,,,,,,,,,,,,,,,,,,,,,,,,,,,,,,
,,,,,,,,,,,,,,,,,,,,,,,,,,,,,,,,,,,,,,,,,,,,,,,,,,,,,,,,,,,,,,,,,,,,,,,,,,,,,,,,,,,,,,,,,,,,,,,,,,,,,,,,,,,,,,,,,,,,,,,,,,,,,,,,,,,,,,,,,,,,,,,,,,,,,,,,,,,,,,,,,,,,,,,,,,,,,,,,,,,,,,,,,,,,,,,,,,,,,,,,,,,,,,,,,,,,,,,,,,,,,,,,,,,,,,,,,,,,,,,,,,,,,,,,,,,,,,,,,,,,,,,
,,,,,,,,,,,,,,,,,,,,,,,,,,,,,,,,,,,,,,,,,,,,,,,,,,,,,,,,,,,,,,,,,,,,,,,,,,,,,,,,,,,,,,,,,,,,,,,,,,,,,,,,,,,,,,,,,,,,,,,,,,,,,,,,,,,,,,,,,,,,,,,,,,,,,,,,,,,,,,,,,,,,,,,,,,,,,,,,,,,,,,,,,,,,,,,,,,,,,,,,,,,,,,,,,,,,,,,,,,,,,,,,,,,,,,,,,,,,,,,,,,,,,,,,,,,,,,,,,,,,,,,
,,,,,,,,,,,,,,,,,,,,,,,,,,,,,,,,,,,,,,,,,,,,,,,,,,,,,,,,,,,,,,,,,,,,,,,,,,,,,,,,,,,,,,,,,,,,,,,,,,,,,,,,,,,,,,,,,,,,,,,,,,,,,,,,,,,,,,,,,,,,,,,,,,,,,,,,,,,,,,,,,,,,,,,,,,,,,,,,,,,,,,,,,,,,,,,,,,,,,,,,,,,,,,,,,,,,,,,,,,,,,,,,,,,,,,,,,,,,,,,,,,,,,,,,,,,,,,,,,,,,,,,
,,,,,,,,,,,,,,,,,,,,,,,,,,,,,,,,,,,,,,,,,,,,,,,,,,,,,,,,,,,,,,,,,,,,,,,,,,,,,,,,,,,,,,,,,,,,,,,,,,,,,,,,,,,,,,,,,,,,,,,,,,,,,,,,,,,,,,,,,,,,,,,,,,,,,,,,,,,,,,,,,,,,,,,,,,,,,,,,,,,,,,,,,,,,,,,,,,,,,,,,,,,,,,,,,,,,,,,,,,,,,,,,,,,,,,,,,,,,,,,,,,,,,,,,,,,,,,,,,,,,,,,
,,,,,,,,,,,,,,,,,,,,,,,,,,,,,,,,,,,,,,,,,,,,,,,,,,,,,,,,,,,,,,,,,,,,,,,,,,,,,,,,,,,,,,,,,,,,,,,,,,,,,,,,,,,,,,,,,,,,,,,,,,,,,,,,,,,,,,,,,,,,,,,,,,,,,,,,,,,,,,,,,,,,,,,,,,,,,,,,,,,,,,,,,,,,,,,,,,,,,,,,,,,,,,,,,,,,,,,,,,,,,,,,,,,,,,,,,,,,,,,,,,,,,,,,,,,,,,,,,,,,,,,
,,,,,,,,,,,,,,,,,,,,,,,,,,,,,,,,,,,,,,,,,,,,,,,,,,,,,,,,,,,,,,,,,,,,,,,,,,,,,,,,,,,,,,,,,,,,,,,,,,,,,,,,,,,,,,,,,,,,,,,,,,,,,,,,,,,,,,,,,,,,,,,,,,,,,,,,,,,,,,,,,,,,,,,,,,,,,,,,,,,,,,,,,,,,,,,,,,,,,,,,,,,,,,,,,,,,,,,,,,,,,,,,,,,,,,,,,,,,,,,,,,,,,,,,,,,,,,,,,,,,,,,
,,,,,,,,,,,,,,,,,,,,,,,,,,,,,,,,,,,,,,,,,,,,,,,,,,,,,,,,,,,,,,,,,,,,,,,,,,,,,,,,,,,,,,,,,,,,,,,,,,,,,,,,,,,,,,,,,,,,,,,,,,,,,,,,,,,,,,,,,,,,,,,,,,,,,,,,,,,,,,,,,,,,,,,,,,,,,,,,,,,,,,,,,,,,,,,,,,,,,,,,,,,,,,,,,,,,,,,,,,,,,,,,,,,,,,,,,,,,,,,,,,,,,,,,,,,,,,,,,,,,,,,
,,,,,,,,,,,,,,,,,,,,,,,,,,,,,,,,,,,,,,,,,,,,,,,,,,,,,,,,,,,,,,,,,,,,,,,,,,,,,,,,,,,,,,,,,,,,,,,,,,,,,,,,,,,,,,,,,,,,,,,,,,,,,,,,,,,,,,,,,,,,,,,,,,,,,,,,,,,,,,,,,,,,,,,,,,,,,,,,,,,,,,,,,,,,,,,,,,,,,,,,,,,,,,,,,,,,,,,,,,,,,,,,,,,,,,,,,,,,,,,,,,,,,,,,,,,,,,,,,,,,,,,
,,,,,,,,,,,,,,,,,,,,,,,,,,,,,,,,,,,,,,,,,,,,,,,,,,,,,,,,,,,,,,,,,,,,,,,,,,,,,,,,,,,,,,,,,,,,,,,,,,,,,,,,,,,,,,,,,,,,,,,,,,,,,,,,,,,,,,,,,,,,,,,,,,,,,,,,,,,,,,,,,,,,,,,,,,,,,,,,,,,,,,,,,,,,,,,,,,,,,,,,,,,,,,,,,,,,,,,,,,,,,,,,,,,,,,,,,,,,,,,,,,,,,,,,,,,,,,,,,,,,,,,
,,,,,,,,,,,,,,,,,,,,,,,,,,,,,,,,,,,,,,,,,,,,,,,,,,,,,,,,,,,,,,,,,,,,,,,,,,,,,,,,,,,,,,,,,,,,,,,,,,,,,,,,,,,,,,,,,,,,,,,,,,,,,,,,,,,,,,,,,,,,,,,,,,,,,,,,,,,,,,,,,,,,,,,,,,,,,,,,,,,,,,,,,,,,,,,,,,,,,,,,,,,,,,,,,,,,,,,,,,,,,,,,,,,,,,,,,,,,,,,,,,,,,,,,,,,,,,,,,,,,,,,
,,,,,,,,,,,,,,,,,,,,,,,,,,,,,,,,,,,,,,,,,,,,,,,,,,,,,,,,,,,,,,,,,,,,,,,,,,,,,,,,,,,,,,,,,,,,,,,,,,,,,,,,,,,,,,,,,,,,,,,,,,,,,,,,,,,,,,,,,,,,,,,,,,,,,,,,,,,,,,,,,,,,,,,,,,,,,,,,,,,,,,,,,,,,,,,,,,,,,,,,,,,,,,,,,,,,,,,,,,,,,,,,,,,,,,,,,,,,,,,,,,,,,,,,,,,,,,,,,,,,,,,
,,,,,,,,,,,,,,,,,,,,,,,,,,,,,,,,,,,,,,,,,,,,,,,,,,,,,,,,,,,,,,,,,,,,,,,,,,,,,,,,,,,,,,,,,,,,,,,,,,,,,,,,,,,,,,,,,,,,,,,,,,,,,,,,,,,,,,,,,,,,,,,,,,,,,,,,,,,,,,,,,,,,,,,,,,,,,,,,,,,,,,,,,,,,,,,,,,,,,,,,,,,,,,,,,,,,,,,,,,,,,,,,,,,,,,,,,,,,,,,,,,,,,,,,,,,,,,,,,,,,,,,
,,,,,,,,,,,,,,,,,,,,,,,,,,,,,,,,,,,,,,,,,,,,,,,,,,,,,,,,,,,,,,,,,,,,,,,,,,,,,,,,,,,,,,,,,,,,,,,,,,,,,,,,,,,,,,,,,,,,,,,,,,,,,,,,,,,,,,,,,,,,,,,,,,,,,,,,,,,,,,,,,,,,,,,,,,,,,,,,,,,,,,,,,,,,,,,,,,,,,,,,,,,,,,,,,,,,,,,,,,,,,,,,,,,,,,,,,,,,,,,,,,,,,,,,,,,,,,,,,,,,,,,
,,,,,,,,,,,,,,,,,,,,,,,,,,,,,,,,,,,,,,,,,,,,,,,,,,,,,,,,,,,,,,,,,,,,,,,,,,,,,,,,,,,,,,,,,,,,,,,,,,,,,,,,,,,,,,,,,,,,,,,,,,,,,,,,,,,,,,,,,,,,,,,,,,,,,,,,,,,,,,,,,,,,,,,,,,,,,,,,,,,,,,,,,,,,,,,,,,,,,,,,,,,,,,,,,,,,,,,,,,,,,,,,,,,,,,,,,,,,,,,,,,,,,,,,,,,,,,,,,,,,,,,
,,,,,,,,,,,,,,,,,,,,,,,,,,,,,,,,,,,,,,,,,,,,,,,,,,,,,,,,,,,,,,,,,,,,,,,,,,,,,,,,,,,,,,,,,,,,,,,,,,,,,,,,,,,,,,,,,,,,,,,,,,,,,,,,,,,,,,,,,,,,,,,,,,,,,,,,,,,,,,,,,,,,,,,,,,,,,,,,,,,,,,,,,,,,,,,,,,,,,,,,,,,,,,,,,,,,,,,,,,,,,,,,,,,,,,,,,,,,,,,,,,,,,,,,,,,,,,,,,,,,,,,
,,,,,,,,,,,,,,,,,,,,,,,,,,,,,,,,,,,,,,,,,,,,,,,,,,,,,,,,,,,,,,,,,,,,,,,,,,,,,,,,,,,,,,,,,,,,,,,,,,,,,,,,,,,,,,,,,,,,,,,,,,,,,,,,,,,,,,,,,,,,,,,,,,,,,,,,,,,,,,,,,,,,,,,,,,,,,,,,,,,,,,,,,,,,,,,,,,,,,,,,,,,,,,,,,,,,,,,,,,,,,,,,,,,,,,,,,,,,,,,,,,,,,,,,,,,,,,,,,,,,,,,
,,,,,,,,,,,,,,,,,,,,,,,,,,,,,,,,,,,,,,,,,,,,,,,,,,,,,,,,,,,,,,,,,,,,,,,,,,,,,,,,,,,,,,,,,,,,,,,,,,,,,,,,,,,,,,,,,,,,,,,,,,,,,,,,,,,,,,,,,,,,,,,,,,,,,,,,,,,,,,,,,,,,,,,,,,,,,,,,,,,,,,,,,,,,,,,,,,,,,,,,,,,,,,,,,,,,,,,,,,,,,,,,,,,,,,,,,,,,,,,,,,,,,,,,,,,,,,,,,,,,,,,
,,,,,,,,,,,,,,,,,,,,,,,,,,,,,,,,,,,,,,,,,,,,,,,,,,,,,,,,,,,,,,,,,,,,,,,,,,,,,,,,,,,,,,,,,,,,,,,,,,,,,,,,,,,,,,,,,,,,,,,,,,,,,,,,,,,,,,,,,,,,,,,,,,,,,,,,,,,,,,,,,,,,,,,,,,,,,,,,,,,,,,,,,,,,,,,,,,,,,,,,,,,,,,,,,,,,,,,,,,,,,,,,,,,,,,,,,,,,,,,,,,,,,,,,,,,,,,,,,,,,,,,
,,,,,,,,,,,,,,,,,,,,,,,,,,,,,,,,,,,,,,,,,,,,,,,,,,,,,,,,,,,,,,,,,,,,,,,,,,,,,,,,,,,,,,,,,,,,,,,,,,,,,,,,,,,,,,,,,,,,,,,,,,,,,,,,,,,,,,,,,,,,,,,,,,,,,,,,,,,,,,,,,,,,,,,,,,,,,,,,,,,,,,,,,,,,,,,,,,,,,,,,,,,,,,,,,,,,,,,,,,,,,,,,,,,,,,,,,,,,,,,,,,,,,,,,,,,,,,,,,,,,,,,
,,,,,,,,,,,,,,,,,,,,,,,,,,,,,,,,,,,,,,,,,,,,,,,,,,,,,,,,,,,,,,,,,,,,,,,,,,,,,,,,,,,,,,,,,,,,,,,,,,,,,,,,,,,,,,,,,,,,,,,,,,,,,,,,,,,,,,,,,,,,,,,,,,,,,,,,,,,,,,,,,,,,,,,,,,,,,,,,,,,,,,,,,,,,,,,,,,,,,,,,,,,,,,,,,,,,,,,,,,,,,,,,,,,,,,,,,,,,,,,,,,,,,,,,,,,,,,,,,,,,,,,
,,,,,,,,,,,,,,,,,,,,,,,,,,,,,,,,,,,,,,,,,,,,,,,,,,,,,,,,,,,,,,,,,,,,,,,,,,,,,,,,,,,,,,,,,,,,,,,,,,,,,,,,,,,,,,,,,,,,,,,,,,,,,,,,,,,,,,,,,,,,,,,,,,,,,,,,,,,,,,,,,,,,,,,,,,,,,,,,,,,,,,,,,,,,,,,,,,,,,,,,,,,,,,,,,,,,,,,,,,,,,,,,,,,,,,,,,,,,,,,,,,,,,,,,,,,,,,,,,,,,,,,
,,,,,,,,,,,,,,,,,,,,,,,,,,,,,,,,,,,,,,,,,,,,,,,,,,,,,,,,,,,,,,,,,,,,,,,,,,,,,,,,,,,,,,,,,,,,,,,,,,,,,,,,,,,,,,,,,,,,,,,,,,,,,,,,,,,,,,,,,,,,,,,,,,,,,,,,,,,,,,,,,,,,,,,,,,,,,,,,,,,,,,,,,,,,,,,,,,,,,,,,,,,,,,,,,,,,,,,,,,,,,,,,,,,,,,,,,,,,,,,,,,,,,,,,,,,,,,,,,,,,,,,
,,,,,,,,,,,,,,,,,,,,,,,,,,,,,,,,,,,,,,,,,,,,,,,,,,,,,,,,,,,,,,,,,,,,,,,,,,,,,,,,,,,,,,,,,,,,,,,,,,,,,,,,,,,,,,,,,,,,,,,,,,,,,,,,,,,,,,,,,,,,,,,,,,,,,,,,,,,,,,,,,,,,,,,,,,,,,,,,,,,,,,,,,,,,,,,,,,,,,,,,,,,,,,,,,,,,,,,,,,,,,,,,,,,,,,,,,,,,,,,,,,,,,,,,,,,,,,,,,,,,,,,
,,,,,,,,,,,,,,,,,,,,,,,,,,,,,,,,,,,,,,,,,,,,,,,,,,,,,,,,,,,,,,,,,,,,,,,,,,,,,,,,,,,,,,,,,,,,,,,,,,,,,,,,,,,,,,,,,,,,,,,,,,,,,,,,,,,,,,,,,,,,,,,,,,,,,,,,,,,,,,,,,,,,,,,,,,,,,,,,,,,,,,,,,,,,,,,,,,,,,,,,,,,,,,,,,,,,,,,,,,,,,,,,,,,,,,,,,,,,,,,,,,,,,,,,,,,,,,,,,,,,,,,
,,,,,,,,,,,,,,,,,,,,,,,,,,,,,,,,,,,,,,,,,,,,,,,,,,,,,,,,,,,,,,,,,,,,,,,,,,,,,,,,,,,,,,,,,,,,,,,,,,,,,,,,,,,,,,,,,,,,,,,,,,,,,,,,,,,,,,,,,,,,,,,,,,,,,,,,,,,,,,,,,,,,,,,,,,,,,,,,,,,,,,,,,,,,,,,,,,,,,,,,,,,,,,,,,,,,,,,,,,,,,,,,,,,,,,,,,,,,,,,,,,,,,,,,,,,,,,,,,,,,,,,
,,,,,,,,,,,,,,,,,,,,,,,,,,,,,,,,,,,,,,,,,,,,,,,,,,,,,,,,,,,,,,,,,,,,,,,,,,,,,,,,,,,,,,,,,,,,,,,,,,,,,,,,,,,,,,,,,,,,,,,,,,,,,,,,,,,,,,,,,,,,,,,,,,,,,,,,,,,,,,,,,,,,,,,,,,,,,,,,,,,,,,,,,,,,,,,,,,,,,,,,,,,,,,,,,,,,,,,,,,,,,,,,,,,,,,,,,,,,,,,,,,,,,,,,,,,,,,,,,,,,,,,
,,,,,,,,,,,,,,,,,,,,,,,,,,,,,,,,,,,,,,,,,,,,,,,,,,,,,,,,,,,,,,,,,,,,,,,,,,,,,,,,,,,,,,,,,,,,,,,,,,,,,,,,,,,,,,,,,,,,,,,,,,,,,,,,,,,,,,,,,,,,,,,,,,,,,,,,,,,,,,,,,,,,,,,,,,,,,,,,,,,,,,,,,,,,,,,,,,,,,,,,,,,,,,,,,,,,,,,,,,,,,,,,,,,,,,,,,,,,,,,,,,,,,,,,,,,,,,,,,,,,,,,
,,,,,,,,,,,,,,,,,,,,,,,,,,,,,,,,,,,,,,,,,,,,,,,,,,,,,,,,,,,,,,,,,,,,,,,,,,,,,,,,,,,,,,,,,,,,,,,,,,,,,,,,,,,,,,,,,,,,,,,,,,,,,,,,,,,,,,,,,,,,,,,,,,,,,,,,,,,,,,,,,,,,,,,,,,,,,,,,,,,,,,,,,,,,,,,,,,,,,,,,,,,,,,,,,,,,,,,,,,,,,,,,,,,,,,,,,,,,,,,,,,,,,,,,,,,,,,,,,,,,,,,
,,,,,,,,,,,,,,,,,,,,,,,,,,,,,,,,,,,,,,,,,,,,,,,,,,,,,,,,,,,,,,,,,,,,,,,,,,,,,,,,,,,,,,,,,,,,,,,,,,,,,,,,,,,,,,,,,,,,,,,,,,,,,,,,,,,,,,,,,,,,,,,,,,,,,,,,,,,,,,,,,,,,,,,,,,,,,,,,,,,,,,,,,,,,,,,,,,,,,,,,,,,,,,,,,,,,,,,,,,,,,,,,,,,,,,,,,,,,,,,,,,,,,,,,,,,,,,,,,,,,,,,
,,,,,,,,,,,,,,,,,,,,,,,,,,,,,,,,,,,,,,,,,,,,,,,,,,,,,,,,,,,,,,,,,,,,,,,,,,,,,,,,,,,,,,,,,,,,,,,,,,,,,,,,,,,,,,,,,,,,,,,,,,,,,,,,,,,,,,,,,,,,,,,,,,,,,,,,,,,,,,,,,,,,,,,,,,,,,,,,,,,,,,,,,,,,,,,,,,,,,,,,,,,,,,,,,,,,,,,,,,,,,,,,,,,,,,,,,,,,,,,,,,,,,,,,,,,,,,,,,,,,,,,
,,,,,,,,,,,,,,,,,,,,,,,,,,,,,,,,,,,,,,,,,,,,,,,,,,,,,,,,,,,,,,,,,,,,,,,,,,,,,,,,,,,,,,,,,,,,,,,,,,,,,,,,,,,,,,,,,,,,,,,,,,,,,,,,,,,,,,,,,,,,,,,,,,,,,,,,,,,,,,,,,,,,,,,,,,,,,,,,,,,,,,,,,,,,,,,,,,,,,,,,,,,,,,,,,,,,,,,,,,,,,,,,,,,,,,,,,,,,,,,,,,,,,,,,,,,,,,,,,,,,,,,
